Workbook

Sheet README
A1: E196 reference-fix comparison
A2: 29 affected cases; formulas recalculate deltas and direction-aware improvements.
A4: Decision | B4: REFERENCE_FIX_VALIDATED_G1_IMPROVES | C4: Technical reference contract and corrected G1 performance are separate claims
A5: Scope | B5: 29 mismatch cases | C5: box001=21; box023=8 | D5: box001 primary excludes box001_20231023_110_p1
A6: Arms | B6: PRG | C6: G1 contaminated (E194) | D6: G1 corrected (E196)
A7: Delta | B7: Raw delta = candidate - baseline | C7: Improvement flips sign for lower-is-better metrics | D7: Positive improvement is always better
A8: Color | B8: Improvement >0 green | C8: Improvement =0 yellow | D8: Improvement <0 red
A9: Integrity | B9: 29/29 pass | C9: runtime/meta/XML parity | D9: target max <1e-4 deg
A10: CI | B10: 10,000 paired bootstrap draws | C10: seed fixed per row | D10: CI cells are evidence values; workbook means/deltas are formulas
A11: Sources | B11: e196_reference_fix_by_case.tsv | C11: e196_reference_integrity_audit.tsv | D11: e196_reference_fix_by_object.tsv

Sheet Paired Comparison
A1: Same-case paired comparison
A2: Raw Delta = candidate-baseline. Improvement is direction-aware; positive is always better.
A4: Comparison | B4: Baseline arm | C4: Candidate arm | D4: Case | E4: Object | F4: Box001 primary | G4: Metric key | H4: Metric | I4: Direction | J4: Baseline value | K4: Candidate value | L4: Raw Delta | M4: Improvement
A5: corrected_vs_prg | B5: PRG | C5: G1 corrected | D5: box001_20231003_2_041_p1 | E5: box001 | F5: =TRUE() -> TRUE | G5: track_obj_z_abs_err_cm_mean | H5: Object z MAE (cm) | I5: lower | J5: 6.7316664 | K5: 3.6141629 | L5: =K5-J5 -> -3.1175035 | M5: =IF(I5="higher",L5,-L5) -> 3.1175035
A6: corrected_vs_prg | B6: PRG | C6: G1 corrected | D6: box001_20231003_2_041_p1 | E6: box001 | F6: =TRUE() -> TRUE | G6: track_obj_pos_err_cm_mean | H6: Object 3D position error (cm) | I6: lower | J6: 11.546123 | K6: 9.9521637 | L6: =K6-J6 -> -1.5939598 | M6: =IF(I6="higher",L6,-L6) -> 1.5939598
A7: corrected_vs_prg | B7: PRG | C7: G1 corrected | D7: box001_20231003_2_041_p1 | E7: box001 | F7: =TRUE() -> TRUE | G7: track_obj_ori_err_deg_mean | H7: Object orientation error (deg) | I7: lower | J7: 7.6461315 | K7: 6.966659 | L7: =K7-J7 -> -0.67947254 | M7: =IF(I7="higher",L7,-L7) -> 0.67947254
A8: corrected_vs_prg | B8: PRG | C8: G1 corrected | D8: box001_20231003_2_041_p1 | E8: box001 | F8: =TRUE() -> TRUE | G8: body_z_err_p95_m | H8: Body z error p95 (m) | I8: lower | J8: 0.090091197 | K8: 0.065610757 | L8: =K8-J8 -> -0.02448044 | M8: =IF(I8="higher",L8,-L8) -> 0.02448044
A9: corrected_vs_prg | B9: PRG | C9: G1 corrected | D9: box001_20231003_2_041_p1 | E9: box001 | F9: =TRUE() -> TRUE | G9: track_root_pos_err_cm_mean | H9: Body/root position error (cm) | I9: lower | J9: 12.699191 | K9: 11.19642 | L9: =K9-J9 -> -1.5027718 | M9: =IF(I9="higher",L9,-L9) -> 1.5027718
A10: corrected_vs_prg | B10: PRG | C10: G1 corrected | D10: box001_20231003_2_041_p1 | E10: box001 | F10: =TRUE() -> TRUE | G10: track_root_ori_err_deg_mean | H10: Body/root orientation error (deg) | I10: lower | J10: 5.9036681 | K10: 5.661955 | L10: =K10-J10 -> -0.24171316 | M10: =IF(I10="higher",L10,-L10) -> 0.24171316
A11: corrected_vs_prg | B11: PRG | C11: G1 corrected | D11: box001_20231003_2_041_p1 | E11: box001 | F11: =TRUE() -> TRUE | G11: track_eef_pos_err_cm_mean | H11: Combined hand position error (cm) | I11: lower | J11: 13.689956 | K11: 11.740103 | L11: =K11-J11 -> -1.9498534 | M11: =IF(I11="higher",L11,-L11) -> 1.9498534
A12: corrected_vs_prg | B12: PRG | C12: G1 corrected | D12: box001_20231003_2_041_p1 | E12: box001 | F12: =TRUE() -> TRUE | G12: track_eef_ori_err_deg_mean | H12: Combined hand orientation error (deg) | I12: lower | J12: 22.982984 | K12: 17.084722 | L12: =K12-J12 -> -5.8982615 | M12: =IF(I12="higher",L12,-L12) -> 5.8982615
A13: corrected_vs_prg | B13: PRG | C13: G1 corrected | D13: box001_20231003_2_041_p1 | E13: box001 | F13: =TRUE() -> TRUE | G13: hand_object_physics_contact_3mm_in_mask_frac | H13: 3 mm contact fraction | I13: higher | J13: 0.81102362 | K13: 0.66929134 | L13: =K13-J13 -> -0.14173228 | M13: =IF(I13="higher",L13,-L13) -> -0.14173228
A14: corrected_vs_prg | B14: PRG | C14: G1 corrected | D14: box001_20231003_2_041_p1 | E14: box001 | F14: =TRUE() -> TRUE | G14: hand_object_physics_contact_in_mask_frac | H14: Raw contact fraction | I14: higher | J14: 0.8976378 | K14: 0.92125984 | L14: =K14-J14 -> 0.023622047 | M14: =IF(I14="higher",L14,-L14) -> 0.023622047
A15: corrected_vs_prg | B15: PRG | C15: G1 corrected | D15: box001_20231003_2_041_p1 | E15: box001 | F15: =TRUE() -> TRUE | G15: hand_object_release_false_contact_3mm_frac | H15: False release fraction | I15: lower | J15: 0.1 | K15: 0 | L15: =K15-J15 -> -0.1 | M15: =IF(I15="higher",L15,-L15) -> 0.1
A16: corrected_vs_prg | B16: PRG | C16: G1 corrected | D16: box001_20231003_2_041_p1 | E16: box001 | F16: =TRUE() -> TRUE | G16: hand_object_physics_penetration_3mm_frame_frac | H16: Hand penetration fraction | I16: lower | J16: 0.076433121 | K16: 0.20382166 | L16: =K16-J16 -> 0.12738854 | M16: =IF(I16="higher",L16,-L16) -> -0.12738854
... A452: corrected_vs_contaminated_g1 | B452: G1 contaminated | C452: G1 corrected | D452: box001_20231023_108_p1 | E452: box001 | F452: =TRUE() -> TRUE | G452: fall_flag | H452: Fall flag | I452: lower | J452: 0 | K452: 0 | L452: =K452-J452 -> 0 | M452: =IF(I452="higher",L452,-L452) -> 0
A453: corrected_vs_prg | B453: PRG | C453: G1 corrected | D453: box001_20231023_110_p1 | E453: box001 | F453: =FALSE() -> FALSE | G453: track_obj_z_abs_err_cm_mean | H453: Object z MAE (cm) | I453: lower | J453: 3.724824 | K453: 1.718997 | L453: =K453-J453 -> -2.005827 | M453: =IF(I453="higher",L453,-L453) -> 2.005827
A454: corrected_vs_prg | B454: PRG | C454: G1 corrected | D454: box001_20231023_110_p1 | E454: box001 | F454: =FALSE() -> FALSE | G454: track_obj_pos_err_cm_mean | H454: Object 3D position error (cm) | I454: lower | J454: 7.9584106 | K454: 5.1475154 | L454: =K454-J454 -> -2.8108952 | M454: =IF(I454="higher",L454,-L454) -> 2.8108952
A455: corrected_vs_prg | B455: PRG | C455: G1 corrected | D455: box001_20231023_110_p1 | E455: box001 | F455: =FALSE() -> FALSE | G455: track_obj_ori_err_deg_mean | H455: Object orientation error (deg) | I455: lower | J455: 5.4509958 | K455: 3.9939979 | L455: =K455-J455 -> -1.4569979 | M455: =IF(I455="higher",L455,-L455) -> 1.4569979
A456: corrected_vs_prg | B456: PRG | C456: G1 corrected | D456: box001_20231023_110_p1 | E456: box001 | F456: =FALSE() -> FALSE | G456: body_z_err_p95_m | H456: Body z error p95 (m) | I456: lower | J456: 0.45485022 | K456: 0.46834218 | L456: =K456-J456 -> 0.013491961 | M456: =IF(I456="higher",L456,-L456) -> -0.013491961
A457: corrected_vs_prg | B457: PRG | C457: G1 corrected | D457: box001_20231023_110_p1 | E457: box001 | F457: =FALSE() -> FALSE | G457: track_root_pos_err_cm_mean | H457: Body/root position error (cm) | I457: lower | J457: 563.14372 | K457: 535.78342 | L457: =K457-J457 -> -27.360297 | M457: =IF(I457="higher",L457,-L457) -> 27.360297
A458: corrected_vs_prg | B458: PRG | C458: G1 corrected | D458: box001_20231023_110_p1 | E458: box001 | F458: =FALSE() -> FALSE | G458: track_root_ori_err_deg_mean | H458: Body/root orientation error (deg) | I458: lower | J458: 124.53824 | K458: 127.46103 | L458: =K458-J458 -> 2.9227827 | M458: =IF(I458="higher",L458,-L458) -> -2.9227827
A459: corrected_vs_prg | B459: PRG | C459: G1 corrected | D459: box001_20231023_110_p1 | E459: box001 | F459: =FALSE() -> FALSE | G459: track_eef_pos_err_cm_mean | H459: Combined hand position error (cm) | I459: lower | J459: 579.23326 | K459: 553.00866 | L459: =K459-J459 -> -26.224597 | M459: =IF(I459="higher",L459,-L459) -> 26.224597
A460: corrected_vs_prg | B460: PRG | C460: G1 corrected | D460: box001_20231023_110_p1 | E460: box001 | F460: =FALSE() -> FALSE | G460: track_eef_ori_err_deg_mean | H460: Combined hand orientation error (deg) | I460: lower | J460: 126.19206 | K460: 127.02563 | L460: =K460-J460 -> 0.83357005 | M460: =IF(I460="higher",L460,-L460) -> -0.83357005
A461: corrected_vs_prg | B461: PRG | C461: G1 corrected | D461: box001_20231023_110_p1 | E461: box001 | F461: =FALSE() -> FALSE | G461: hand_object_physics_contact_3mm_in_mask_frac | H461: 3 mm contact fraction | I461: higher | J461: 0 | K461: 0 | L461: =K461-J461 -> 0 | M461: =IF(I461="higher",L461,-L461) -> 0
A462: corrected_vs_prg | B462: PRG | C462: G1 corrected | D462: box001_20231023_110_p1 | E462: box001 | F462: =FALSE() -> FALSE | G462: hand_object_physics_contact_in_mask_frac | H462: Raw contact fraction | I462: higher | J462: 0 | K462: 0 | L462: =K462-J462 -> 0 | M462: =IF(I462="higher",L462,-L462) -> 0
A463: corrected_vs_prg | B463: PRG | C463: G1 corrected | D463: box001_20231023_110_p1 | E463: box001 | F463: =FALSE() -> FALSE | G463: hand_object_release_false_contact_3mm_frac | H463: False release fraction | I463: lower | J463: 0 | K463: 0 | L463: =K463-J463 -> 0 | M463: =IF(I463="higher",L463,-L463) -> 0
A464: corrected_vs_prg | B464: PRG | C464: G1 corrected | D464: box001_20231023_110_p1 | E464: box001 | F464: =FALSE() -> FALSE | G464: hand_object_physics_penetration_3mm_frame_frac | H464: Hand penetration fraction | I464: lower | J464: 0 | K464: 0 | L464: =K464-J464 -> 0 | M464: =IF(I464="higher",L464,-L464) -> 0
... A480: corrected_vs_contaminated_g1 | B480: G1 contaminated | C480: G1 corrected | D480: box001_20231023_110_p1 | E480: box001 | F480: =FALSE() -> FALSE | G480: fall_flag | H480: Fall flag | I480: lower | J480: 1 | K480: 1 | L480: =K480-J480 -> 0 | M480: =IF(I480="higher",L480,-L480) -> 0
A481: corrected_vs_prg | B481: PRG | C481: G1 corrected | D481: box023_20231008_046_p2 | E481: box023 | F481: =TRUE() -> TRUE | G481: track_obj_z_abs_err_cm_mean | H481: Object z MAE (cm) | I481: lower | J481: 4.7984659 | K481: 5.5226018 | L481: =K481-J481 -> 0.72413592 | M481: =IF(I481="higher",L481,-L481) -> -0.72413592
A482: corrected_vs_prg | B482: PRG | C482: G1 corrected | D482: box023_20231008_046_p2 | E482: box023 | F482: =TRUE() -> TRUE | G482: track_obj_pos_err_cm_mean | H482: Object 3D position error (cm) | I482: lower | J482: 6.8416149 | K482: 7.2877091 | L482: =K482-J482 -> 0.44609416 | M482: =IF(I482="higher",L482,-L482) -> -0.44609416
A483: corrected_vs_prg | B483: PRG | C483: G1 corrected | D483: box023_20231008_046_p2 | E483: box023 | F483: =TRUE() -> TRUE | G483: track_obj_ori_err_deg_mean | H483: Object orientation error (deg) | I483: lower | J483: 4.5604681 | K483: 5.1392116 | L483: =K483-J483 -> 0.57874349 | M483: =IF(I483="higher",L483,-L483) -> -0.57874349
A484: corrected_vs_prg | B484: PRG | C484: G1 corrected | D484: box023_20231008_046_p2 | E484: box023 | F484: =TRUE() -> TRUE | G484: body_z_err_p95_m | H484: Body z error p95 (m) | I484: lower | J484: 0.16673359 | K484: 0.17692079 | L484: =K484-J484 -> 0.010187193 | M484: =IF(I484="higher",L484,-L484) -> -0.010187193
A485: corrected_vs_prg | B485: PRG | C485: G1 corrected | D485: box023_20231008_046_p2 | E485: box023 | F485: =TRUE() -> TRUE | G485: track_root_pos_err_cm_mean | H485: Body/root position error (cm) | I485: lower | J485: 12.468615 | K485: 13.923487 | L485: =K485-J485 -> 1.4548723 | M485: =IF(I485="higher",L485,-L485) -> -1.4548723
A486: corrected_vs_prg | B486: PRG | C486: G1 corrected | D486: box023_20231008_046_p2 | E486: box023 | F486: =TRUE() -> TRUE | G486: track_root_ori_err_deg_mean | H486: Body/root orientation error (deg) | I486: lower | J486: 17.018601 | K486: 14.376769 | L486: =K486-J486 -> -2.6418318 | M486: =IF(I486="higher",L486,-L486) -> 2.6418318
A487: corrected_vs_prg | B487: PRG | C487: G1 corrected | D487: box023_20231008_046_p2 | E487: box023 | F487: =TRUE() -> TRUE | G487: track_eef_pos_err_cm_mean | H487: Combined hand position error (cm) | I487: lower | J487: 11.862208 | K487: 13.523941 | L487: =K487-J487 -> 1.6617334 | M487: =IF(I487="higher",L487,-L487) -> -1.6617334
A488: corrected_vs_prg | B488: PRG | C488: G1 corrected | D488: box023_20231008_046_p2 | E488: box023 | F488: =TRUE() -> TRUE | G488: track_eef_ori_err_deg_mean | H488: Combined hand orientation error (deg) | I488: lower | J488: 23.668514 | K488: 22.916448 | L488: =K488-J488 -> -0.75206637 | M488: =IF(I488="higher",L488,-L488) -> 0.75206637
A489: corrected_vs_prg | B489: PRG | C489: G1 corrected | D489: box023_20231008_046_p2 | E489: box023 | F489: =TRUE() -> TRUE | G489: hand_object_physics_contact_3mm_in_mask_frac | H489: 3 mm contact fraction | I489: higher | J489: 0.44186047 | K489: 0.48837209 | L489: =K489-J489 -> 0.046511628 | M489: =IF(I489="higher",L489,-L489) -> 0.046511628
A490: corrected_vs_prg | B490: PRG | C490: G1 corrected | D490: box023_20231008_046_p2 | E490: box023 | F490: =TRUE() -> TRUE | G490: hand_object_physics_contact_in_mask_frac | H490: Raw contact fraction | I490: higher | J490: 0.53488372 | K490: 0.65116279 | L490: =K490-J490 -> 0.11627907 | M490: =IF(I490="higher",L490,-L490) -> 0.11627907
A491: corrected_vs_prg | B491: PRG | C491: G1 corrected | D491: box023_20231008_046_p2 | E491: box023 | F491: =TRUE() -> TRUE | G491: hand_object_release_false_contact_3mm_frac | H491: False release fraction | I491: lower | J491: 0.052631579 | K491: 0.052631579 | L491: =K491-J491 -> 0 | M491: =IF(I491="higher",L491,-L491) -> 0
A492: corrected_vs_prg | B492: PRG | C492: G1 corrected | D492: box023_20231008_046_p2 | E492: box023 | F492: =TRUE() -> TRUE | G492: hand_object_physics_penetration_3mm_frame_frac | H492: Hand penetration fraction | I492: lower | J492: 0.076923077 | K492: 0.14102564 | L492: =K492-J492 -> 0.064102564 | M492: =IF(I492="higher",L492,-L492) -> -0.064102564
... A816: corrected_vs_contaminated_g1 | B816: G1 contaminated | C816: G1 corrected | D816: box023_20231020_040_p2 | E816: box023 | F816: =TRUE() -> TRUE | G816: fall_flag | H816: Fall flag | I816: lower | J816: 0 | K816: 0 | L816: =K816-J816 -> 0 | M816: =IF(I816="higher",L816,-L816) -> 0

Sheet By Object
A1: By-object formula summary
A2: Means, deltas, improvements and counts are Excel formulas over Paired Comparison; bootstrap CI uses fixed-seed evidence.
A4: Subset | B4: Comparison | C4: Metric key | D4: Metric | E4: Direction | F4: N | G4: Baseline mean | H4: Candidate mean | I4: Raw Delta | J4: Improvement | K4: Median improvement | L4: Bootstrap 95% CI low | M4: Bootstrap 95% CI high | N4: Improved cases | O4: Worsened cases
A5: ALL_AFFECTED_29 | B5: corrected_vs_prg | C5: track_obj_z_abs_err_cm_mean | D5: Object z MAE (cm) | E5: lower | F5: =COUNTIFS('Paired Comparison'!$A:$A,$B5,'Paired Comparison'!$G:$G,$C5) -> 29 | G5: =AVERAGEIFS('Paired Comparison'!$J:$J,'Paired Comparison'!$A:$A,$B5,'Paired Comparison'!$G:$G,$C5) -> 4.9536065 | H5: =AVERAGEIFS('Paired Comparison'!$K:$K,'Paired Comparison'!$A:$A,$B5,'Paired Comparison'!$G:$G,$C5) -> 3.6012283 | I5: =H5-G5 -> -1.3523782 | J5: =IF(E5="higher",I5,-I5) -> 1.3523782 | K5: 1.506592 | L5: 1.0002586 | M5: 1.7060408 | N5: =COUNTIFS('Paired Comparison'!$A:$A,$B5,'Paired Comparison'!$G:$G,$C5,'Paired Comparison'!$M:$M,">0") -> 27 | O5: =COUNTIFS('Paired Comparison'!$A:$A,$B5,'Paired Comparison'!$G:$G,$C5,'Paired Comparison'!$M:$M,"<0") -> 2
A6: ALL_AFFECTED_29 | B6: corrected_vs_prg | C6: track_obj_pos_err_cm_mean | D6: Object 3D position error (cm) | E6: lower | F6: =COUNTIFS('Paired Comparison'!$A:$A,$B6,'Paired Comparison'!$G:$G,$C6) -> 29 | G6: =AVERAGEIFS('Paired Comparison'!$J:$J,'Paired Comparison'!$A:$A,$B6,'Paired Comparison'!$G:$G,$C6) -> 11.511283 | H6: =AVERAGEIFS('Paired Comparison'!$K:$K,'Paired Comparison'!$A:$A,$B6,'Paired Comparison'!$G:$G,$C6) -> 9.9528347 | I6: =H6-G6 -> -1.5584488 | J6: =IF(E6="higher",I6,-I6) -> 1.5584488 | K6: 1.1877137 | L6: 0.89816745 | M6: 2.2536699 | N6: =COUNTIFS('Paired Comparison'!$A:$A,$B6,'Paired Comparison'!$G:$G,$C6,'Paired Comparison'!$M:$M,">0") -> 22 | O6: =COUNTIFS('Paired Comparison'!$A:$A,$B6,'Paired Comparison'!$G:$G,$C6,'Paired Comparison'!$M:$M,"<0") -> 7
A7: ALL_AFFECTED_29 | B7: corrected_vs_prg | C7: track_obj_ori_err_deg_mean | D7: Object orientation error (deg) | E7: lower | F7: =COUNTIFS('Paired Comparison'!$A:$A,$B7,'Paired Comparison'!$G:$G,$C7) -> 29 | G7: =AVERAGEIFS('Paired Comparison'!$J:$J,'Paired Comparison'!$A:$A,$B7,'Paired Comparison'!$G:$G,$C7) -> 5.832045 | H7: =AVERAGEIFS('Paired Comparison'!$K:$K,'Paired Comparison'!$A:$A,$B7,'Paired Comparison'!$G:$G,$C7) -> 5.111908 | I7: =H7-G7 -> -0.720137 | J7: =IF(E7="higher",I7,-I7) -> 0.720137 | K7: 0.60191639 | L7: 0.20160464 | M7: 1.2476823 | N7: =COUNTIFS('Paired Comparison'!$A:$A,$B7,'Paired Comparison'!$G:$G,$C7,'Paired Comparison'!$M:$M,">0") -> 19 | O7: =COUNTIFS('Paired Comparison'!$A:$A,$B7,'Paired Comparison'!$G:$G,$C7,'Paired Comparison'!$M:$M,"<0") -> 10
A8: ALL_AFFECTED_29 | B8: corrected_vs_prg | C8: body_z_err_p95_m | D8: Body z error p95 (m) | E8: lower | F8: =COUNTIFS('Paired Comparison'!$A:$A,$B8,'Paired Comparison'!$G:$G,$C8) -> 29 | G8: =AVERAGEIFS('Paired Comparison'!$J:$J,'Paired Comparison'!$A:$A,$B8,'Paired Comparison'!$G:$G,$C8) -> 0.11383933 | H8: =AVERAGEIFS('Paired Comparison'!$K:$K,'Paired Comparison'!$A:$A,$B8,'Paired Comparison'!$G:$G,$C8) -> 0.10090299 | I8: =H8-G8 -> -0.012936337 | J8: =IF(E8="higher",I8,-I8) -> 0.012936337 | K8: 0.011635663 | L8: 0.0074106101 | M8: 0.01843626 | N8: =COUNTIFS('Paired Comparison'!$A:$A,$B8,'Paired Comparison'!$G:$G,$C8,'Paired Comparison'!$M:$M,">0") -> 22 | O8: =COUNTIFS('Paired Comparison'!$A:$A,$B8,'Paired Comparison'!$G:$G,$C8,'Paired Comparison'!$M:$M,"<0") -> 7
A9: ALL_AFFECTED_29 | B9: corrected_vs_prg | C9: track_root_pos_err_cm_mean | D9: Body/root position error (cm) | E9: lower | F9: =COUNTIFS('Paired Comparison'!$A:$A,$B9,'Paired Comparison'!$G:$G,$C9) -> 29 | G9: =AVERAGEIFS('Paired Comparison'!$J:$J,'Paired Comparison'!$A:$A,$B9,'Paired Comparison'!$G:$G,$C9) -> 35.577268 | H9: =AVERAGEIFS('Paired Comparison'!$K:$K,'Paired Comparison'!$A:$A,$B9,'Paired Comparison'!$G:$G,$C9) -> 34.464643 | I9: =H9-G9 -> -1.112625 | J9: =IF(E9="higher",I9,-I9) -> 1.112625 | K9: 0.4011549 | L9: -0.8610572 | M9: 3.6046781 | N9: =COUNTIFS('Paired Comparison'!$A:$A,$B9,'Paired Comparison'!$G:$G,$C9,'Paired Comparison'!$M:$M,">0") -> 16 | O9: =COUNTIFS('Paired Comparison'!$A:$A,$B9,'Paired Comparison'!$G:$G,$C9,'Paired Comparison'!$M:$M,"<0") -> 13
A10: ALL_AFFECTED_29 | B10: corrected_vs_prg | C10: track_root_ori_err_deg_mean | D10: Body/root orientation error (deg) | E10: lower | F10: =COUNTIFS('Paired Comparison'!$A:$A,$B10,'Paired Comparison'!$G:$G,$C10) -> 29 | G10: =AVERAGEIFS('Paired Comparison'!$J:$J,'Paired Comparison'!$A:$A,$B10,'Paired Comparison'!$G:$G,$C10) -> 15.246188 | H10: =AVERAGEIFS('Paired Comparison'!$K:$K,'Paired Comparison'!$A:$A,$B10,'Paired Comparison'!$G:$G,$C10) -> 13.730444 | I10: =H10-G10 -> -1.5157437 | J10: =IF(E10="higher",I10,-I10) -> 1.5157437 | K10: 0.72942454 | L10: 0.44574007 | M10: 2.6837839 | N10: =COUNTIFS('Paired Comparison'!$A:$A,$B10,'Paired Comparison'!$G:$G,$C10,'Paired Comparison'!$M:$M,">0") -> 20 | O10: =COUNTIFS('Paired Comparison'!$A:$A,$B10,'Paired Comparison'!$G:$G,$C10,'Paired Comparison'!$M:$M,"<0") -> 9
A11: ALL_AFFECTED_29 | B11: corrected_vs_prg | C11: track_eef_pos_err_cm_mean | D11: Combined hand position error (cm) | E11: lower | F11: =COUNTIFS('Paired Comparison'!$A:$A,$B11,'Paired Comparison'!$G:$G,$C11) -> 29 | G11: =AVERAGEIFS('Paired Comparison'!$J:$J,'Paired Comparison'!$A:$A,$B11,'Paired Comparison'!$G:$G,$C11) -> 35.595735 | H11: =AVERAGEIFS('Paired Comparison'!$K:$K,'Paired Comparison'!$A:$A,$B11,'Paired Comparison'!$G:$G,$C11) -> 34.149499 | I11: =H11-G11 -> -1.4462358 | J11: =IF(E11="higher",I11,-I11) -> 1.4462358 | K11: 0.018843797 | L11: -0.31948706 | M11: 3.6946327 | N11: =COUNTIFS('Paired Comparison'!$A:$A,$B11,'Paired Comparison'!$G:$G,$C11,'Paired Comparison'!$M:$M,">0") -> 15 | O11: =COUNTIFS('Paired Comparison'!$A:$A,$B11,'Paired Comparison'!$G:$G,$C11,'Paired Comparison'!$M:$M,"<0") -> 14
A12: ALL_AFFECTED_29 | B12: corrected_vs_prg | C12: track_eef_ori_err_deg_mean | D12: Combined hand orientation error (deg) | E12: lower | F12: =COUNTIFS('Paired Comparison'!$A:$A,$B12,'Paired Comparison'!$G:$G,$C12) -> 29 | G12: =AVERAGEIFS('Paired Comparison'!$J:$J,'Paired Comparison'!$A:$A,$B12,'Paired Comparison'!$G:$G,$C12) -> 23.162256 | H12: =AVERAGEIFS('Paired Comparison'!$K:$K,'Paired Comparison'!$A:$A,$B12,'Paired Comparison'!$G:$G,$C12) -> 22.100898 | I12: =H12-G12 -> -1.0613583 | J12: =IF(E12="higher",I12,-I12) -> 1.0613583 | K12: 0.67420125 | L12: -0.035372947 | M12: 2.1463321 | N12: =COUNTIFS('Paired Comparison'!$A:$A,$B12,'Paired Comparison'!$G:$G,$C12,'Paired Comparison'!$M:$M,">0") -> 20 | O12: =COUNTIFS('Paired Comparison'!$A:$A,$B12,'Paired Comparison'!$G:$G,$C12,'Paired Comparison'!$M:$M,"<0") -> 9
A13: ALL_AFFECTED_29 | B13: corrected_vs_prg | C13: hand_object_physics_contact_3mm_in_mask_frac | D13: 3 mm contact fraction | E13: higher | F13: =COUNTIFS('Paired Comparison'!$A:$A,$B13,'Paired Comparison'!$G:$G,$C13) -> 29 | G13: =AVERAGEIFS('Paired Comparison'!$J:$J,'Paired Comparison'!$A:$A,$B13,'Paired Comparison'!$G:$G,$C13) -> 0.49535384 | H13: =AVERAGEIFS('Paired Comparison'!$K:$K,'Paired Comparison'!$A:$A,$B13,'Paired Comparison'!$G:$G,$C13) -> 0.53264875 | I13: =H13-G13 -> 0.037294911 | J13: =IF(E13="higher",I13,-I13) -> 0.037294911 | K13: 0.020408163 | L13: -0.0057225405 | M13: 0.08020046 | N13: =COUNTIFS('Paired Comparison'!$A:$A,$B13,'Paired Comparison'!$G:$G,$C13,'Paired Comparison'!$M:$M,">0") -> 18 | O13: =COUNTIFS('Paired Comparison'!$A:$A,$B13,'Paired Comparison'!$G:$G,$C13,'Paired Comparison'!$M:$M,"<0") -> 8
A14: ALL_AFFECTED_29 | B14: corrected_vs_prg | C14: hand_object_physics_contact_in_mask_frac | D14: Raw contact fraction | E14: higher | F14: =COUNTIFS('Paired Comparison'!$A:$A,$B14,'Paired Comparison'!$G:$G,$C14) -> 29 | G14: =AVERAGEIFS('Paired Comparison'!$J:$J,'Paired Comparison'!$A:$A,$B14,'Paired Comparison'!$G:$G,$C14) -> 0.77944999 | H14: =AVERAGEIFS('Paired Comparison'!$K:$K,'Paired Comparison'!$A:$A,$B14,'Paired Comparison'!$G:$G,$C14) -> 0.77325901 | I14: =H14-G14 -> -0.0061909752 | J14: =IF(E14="higher",I14,-I14) -> -0.0061909752 | K14: 0 | L14: -0.037962046 | M14: 0.022824723 | N14: =COUNTIFS('Paired Comparison'!$A:$A,$B14,'Paired Comparison'!$G:$G,$C14,'Paired Comparison'!$M:$M,">0") -> 10 | O14: =COUNTIFS('Paired Comparison'!$A:$A,$B14,'Paired Comparison'!$G:$G,$C14,'Paired Comparison'!$M:$M,"<0") -> 12
A15: ALL_AFFECTED_29 | B15: corrected_vs_prg | C15: hand_object_release_false_contact_3mm_frac | D15: False release fraction | E15: lower | F15: =COUNTIFS('Paired Comparison'!$A:$A,$B15,'Paired Comparison'!$G:$G,$C15) -> 29 | G15: =AVERAGEIFS('Paired Comparison'!$J:$J,'Paired Comparison'!$A:$A,$B15,'Paired Comparison'!$G:$G,$C15) -> 0.098770535 | H15: =AVERAGEIFS('Paired Comparison'!$K:$K,'Paired Comparison'!$A:$A,$B15,'Paired Comparison'!$G:$G,$C15) -> 0.096473121 | I15: =H15-G15 -> -0.0022974141 | J15: =IF(E15="higher",I15,-I15) -> 0.0022974141 | K15: 0 | L15: -0.042400231 | M15: 0.036908856 | N15: =COUNTIFS('Paired Comparison'!$A:$A,$B15,'Paired Comparison'!$G:$G,$C15,'Paired Comparison'!$M:$M,">0") -> 11 | O15: =COUNTIFS('Paired Comparison'!$A:$A,$B15,'Paired Comparison'!$G:$G,$C15,'Paired Comparison'!$M:$M,"<0") -> 6
A16: ALL_AFFECTED_29 | B16: corrected_vs_prg | C16: hand_object_physics_penetration_3mm_frame_frac | D16: Hand penetration fraction | E16: lower | F16: =COUNTIFS('Paired Comparison'!$A:$A,$B16,'Paired Comparison'!$G:$G,$C16) -> 29 | G16: =AVERAGEIFS('Paired Comparison'!$J:$J,'Paired Comparison'!$A:$A,$B16,'Paired Comparison'!$G:$G,$C16) -> 0.19188379 | H16: =AVERAGEIFS('Paired Comparison'!$K:$K,'Paired Comparison'!$A:$A,$B16,'Paired Comparison'!$G:$G,$C16) -> 0.16622147 | I16: =H16-G16 -> -0.02566232 | J16: =IF(E16="higher",I16,-I16) -> 0.02566232 | K16: 0.015789474 | L16: -0.011555207 | M16: 0.062662153 | N16: =COUNTIFS('Paired Comparison'!$A:$A,$B16,'Paired Comparison'!$G:$G,$C16,'Paired Comparison'!$M:$M,">0") -> 17 | O16: =COUNTIFS('Paired Comparison'!$A:$A,$B16,'Paired Comparison'!$G:$G,$C16,'Paired Comparison'!$M:$M,"<0") -> 8
... A32: ALL_AFFECTED_29 | B32: corrected_vs_contaminated_g1 | C32: fall_flag | D32: Fall flag | E32: lower | F32: =COUNTIFS('Paired Comparison'!$A:$A,$B32,'Paired Comparison'!$G:$G,$C32) -> 29 | G32: =AVERAGEIFS('Paired Comparison'!$J:$J,'Paired Comparison'!$A:$A,$B32,'Paired Comparison'!$G:$G,$C32) -> 0.034482759 | H32: =AVERAGEIFS('Paired Comparison'!$K:$K,'Paired Comparison'!$A:$A,$B32,'Paired Comparison'!$G:$G,$C32) -> 0.034482759 | I32: =H32-G32 -> 0 | J32: =IF(E32="higher",I32,-I32) -> 0 | K32: 0 | L32: 0 | M32: 0 | N32: =COUNTIFS('Paired Comparison'!$A:$A,$B32,'Paired Comparison'!$G:$G,$C32,'Paired Comparison'!$M:$M,">0") -> 0 | O32: =COUNTIFS('Paired Comparison'!$A:$A,$B32,'Paired Comparison'!$G:$G,$C32,'Paired Comparison'!$M:$M,"<0") -> 0
A33: BOX001_ALL_AFFECTED_21 | B33: corrected_vs_prg | C33: track_obj_z_abs_err_cm_mean | D33: Object z MAE (cm) | E33: lower | F33: =COUNTIFS('Paired Comparison'!$A:$A,$B33,'Paired Comparison'!$G:$G,$C33,'Paired Comparison'!$E:$E,"box001") -> 21 | G33: =AVERAGEIFS('Paired Comparison'!$J:$J,'Paired Comparison'!$A:$A,$B33,'Paired Comparison'!$G:$G,$C33,'Paired Comparison'!$E:$E,"box001") -> 4.7403406 | H33: =AVERAGEIFS('Paired Comparison'!$K:$K,'Paired Comparison'!$A:$A,$B33,'Paired Comparison'!$G:$G,$C33,'Paired Comparison'!$E:$E,"box001") -> 3.082 | I33: =H33-G33 -> -1.6583406 | J33: =IF(E33="higher",I33,-I33) -> 1.6583406 | K33: 1.6987456 | L33: 1.3030007 | M33: 2.0188504 | N33: =COUNTIFS('Paired Comparison'!$A:$A,$B33,'Paired Comparison'!$G:$G,$C33,'Paired Comparison'!$E:$E,"box001",'Paired Comparison'!$M:$M,">0") -> 21 | O33: =COUNTIFS('Paired Comparison'!$A:$A,$B33,'Paired Comparison'!$G:$G,$C33,'Paired Comparison'!$E:$E,"box001",'Paired Comparison'!$M:$M,"<0") -> 0
A34: BOX001_ALL_AFFECTED_21 | B34: corrected_vs_prg | C34: track_obj_pos_err_cm_mean | D34: Object 3D position error (cm) | E34: lower | F34: =COUNTIFS('Paired Comparison'!$A:$A,$B34,'Paired Comparison'!$G:$G,$C34,'Paired Comparison'!$E:$E,"box001") -> 21 | G34: =AVERAGEIFS('Paired Comparison'!$J:$J,'Paired Comparison'!$A:$A,$B34,'Paired Comparison'!$G:$G,$C34,'Paired Comparison'!$E:$E,"box001") -> 10.878354 | H34: =AVERAGEIFS('Paired Comparison'!$K:$K,'Paired Comparison'!$A:$A,$B34,'Paired Comparison'!$G:$G,$C34,'Paired Comparison'!$E:$E,"box001") -> 9.2673482 | I34: =H34-G34 -> -1.6110061 | J34: =IF(E34="higher",I34,-I34) -> 1.6110061 | K34: 1.3580938 | L34: 0.85875858 | M34: 2.4314382 | N34: =COUNTIFS('Paired Comparison'!$A:$A,$B34,'Paired Comparison'!$G:$G,$C34,'Paired Comparison'!$E:$E,"box001",'Paired Comparison'!$M:$M,">0") -> 16 | O34: =COUNTIFS('Paired Comparison'!$A:$A,$B34,'Paired Comparison'!$G:$G,$C34,'Paired Comparison'!$E:$E,"box001",'Paired Comparison'!$M:$M,"<0") -> 5
A35: BOX001_ALL_AFFECTED_21 | B35: corrected_vs_prg | C35: track_obj_ori_err_deg_mean | D35: Object orientation error (deg) | E35: lower | F35: =COUNTIFS('Paired Comparison'!$A:$A,$B35,'Paired Comparison'!$G:$G,$C35,'Paired Comparison'!$E:$E,"box001") -> 21 | G35: =AVERAGEIFS('Paired Comparison'!$J:$J,'Paired Comparison'!$A:$A,$B35,'Paired Comparison'!$G:$G,$C35,'Paired Comparison'!$E:$E,"box001") -> 6.0458691 | H35: =AVERAGEIFS('Paired Comparison'!$K:$K,'Paired Comparison'!$A:$A,$B35,'Paired Comparison'!$G:$G,$C35,'Paired Comparison'!$E:$E,"box001") -> 5.1985126 | I35: =H35-G35 -> -0.84735644 | J35: =IF(E35="higher",I35,-I35) -> 0.84735644 | K35: 0.67947254 | L35: 0.28130923 | M35: 1.4079497 | N35: =COUNTIFS('Paired Comparison'!$A:$A,$B35,'Paired Comparison'!$G:$G,$C35,'Paired Comparison'!$E:$E,"box001",'Paired Comparison'!$M:$M,">0") -> 16 | O35: =COUNTIFS('Paired Comparison'!$A:$A,$B35,'Paired Comparison'!$G:$G,$C35,'Paired Comparison'!$E:$E,"box001",'Paired Comparison'!$M:$M,"<0") -> 5
A36: BOX001_ALL_AFFECTED_21 | B36: corrected_vs_prg | C36: body_z_err_p95_m | D36: Body z error p95 (m) | E36: lower | F36: =COUNTIFS('Paired Comparison'!$A:$A,$B36,'Paired Comparison'!$G:$G,$C36,'Paired Comparison'!$E:$E,"box001") -> 21 | G36: =AVERAGEIFS('Paired Comparison'!$J:$J,'Paired Comparison'!$A:$A,$B36,'Paired Comparison'!$G:$G,$C36,'Paired Comparison'!$E:$E,"box001") -> 0.10086714 | H36: =AVERAGEIFS('Paired Comparison'!$K:$K,'Paired Comparison'!$A:$A,$B36,'Paired Comparison'!$G:$G,$C36,'Paired Comparison'!$E:$E,"box001") -> 0.087765081 | I36: =H36-G36 -> -0.013102055 | J36: =IF(E36="higher",I36,-I36) -> 0.013102055 | K36: 0.011635663 | L36: 0.0073274006 | M36: 0.018948461 | N36: =COUNTIFS('Paired Comparison'!$A:$A,$B36,'Paired Comparison'!$G:$G,$C36,'Paired Comparison'!$E:$E,"box001",'Paired Comparison'!$M:$M,">0") -> 17 | O36: =COUNTIFS('Paired Comparison'!$A:$A,$B36,'Paired Comparison'!$G:$G,$C36,'Paired Comparison'!$E:$E,"box001",'Paired Comparison'!$M:$M,"<0") -> 4
A37: BOX001_ALL_AFFECTED_21 | B37: corrected_vs_prg | C37: track_root_pos_err_cm_mean | D37: Body/root position error (cm) | E37: lower | F37: =COUNTIFS('Paired Comparison'!$A:$A,$B37,'Paired Comparison'!$G:$G,$C37,'Paired Comparison'!$E:$E,"box001") -> 21 | G37: =AVERAGEIFS('Paired Comparison'!$J:$J,'Paired Comparison'!$A:$A,$B37,'Paired Comparison'!$G:$G,$C37,'Paired Comparison'!$E:$E,"box001") -> 42.261127 | H37: =AVERAGEIFS('Paired Comparison'!$K:$K,'Paired Comparison'!$A:$A,$B37,'Paired Comparison'!$G:$G,$C37,'Paired Comparison'!$E:$E,"box001") -> 41.215019 | I37: =H37-G37 -> -1.0461082 | J37: =IF(E37="higher",I37,-I37) -> 1.0461082 | K37: -0.93172591 | L37: -1.4346539 | M37: 4.4188763 | N37: =COUNTIFS('Paired Comparison'!$A:$A,$B37,'Paired Comparison'!$G:$G,$C37,'Paired Comparison'!$E:$E,"box001",'Paired Comparison'!$M:$M,">0") -> 10 | O37: =COUNTIFS('Paired Comparison'!$A:$A,$B37,'Paired Comparison'!$G:$G,$C37,'Paired Comparison'!$E:$E,"box001",'Paired Comparison'!$M:$M,"<0") -> 11
A38: BOX001_ALL_AFFECTED_21 | B38: corrected_vs_prg | C38: track_root_ori_err_deg_mean | D38: Body/root orientation error (deg) | E38: lower | F38: =COUNTIFS('Paired Comparison'!$A:$A,$B38,'Paired Comparison'!$G:$G,$C38,'Paired Comparison'!$E:$E,"box001") -> 21 | G38: =AVERAGEIFS('Paired Comparison'!$J:$J,'Paired Comparison'!$A:$A,$B38,'Paired Comparison'!$G:$G,$C38,'Paired Comparison'!$E:$E,"box001") -> 15.360306 | H38: =AVERAGEIFS('Paired Comparison'!$K:$K,'Paired Comparison'!$A:$A,$B38,'Paired Comparison'!$G:$G,$C38,'Paired Comparison'!$E:$E,"box001") -> 14.410529 | I38: =H38-G38 -> -0.94977718 | J38: =IF(E38="higher",I38,-I38) -> 0.94977718 | K38: 0.29105342 | L38: -0.26154168 | M38: 2.354742 | N38: =COUNTIFS('Paired Comparison'!$A:$A,$B38,'Paired Comparison'!$G:$G,$C38,'Paired Comparison'!$E:$E,"box001",'Paired Comparison'!$M:$M,">0") -> 13 | O38: =COUNTIFS('Paired Comparison'!$A:$A,$B38,'Paired Comparison'!$G:$G,$C38,'Paired Comparison'!$E:$E,"box001",'Paired Comparison'!$M:$M,"<0") -> 8
A39: BOX001_ALL_AFFECTED_21 | B39: corrected_vs_prg | C39: track_eef_pos_err_cm_mean | D39: Combined hand position error (cm) | E39: lower | F39: =COUNTIFS('Paired Comparison'!$A:$A,$B39,'Paired Comparison'!$G:$G,$C39,'Paired Comparison'!$E:$E,"box001") -> 21 | G39: =AVERAGEIFS('Paired Comparison'!$J:$J,'Paired Comparison'!$A:$A,$B39,'Paired Comparison'!$G:$G,$C39,'Paired Comparison'!$E:$E,"box001") -> 42.824592 | H39: =AVERAGEIFS('Paired Comparison'!$K:$K,'Paired Comparison'!$A:$A,$B39,'Paired Comparison'!$G:$G,$C39,'Paired Comparison'!$E:$E,"box001") -> 41.319281 | I39: =H39-G39 -> -1.5053108 | J39: =IF(E39="higher",I39,-I39) -> 1.5053108 | K39: -0.78986664 | L39: -0.80118182 | M39: 4.5566058 | N39: =COUNTIFS('Paired Comparison'!$A:$A,$B39,'Paired Comparison'!$G:$G,$C39,'Paired Comparison'!$E:$E,"box001",'Paired Comparison'!$M:$M,">0") -> 10 | O39: =COUNTIFS('Paired Comparison'!$A:$A,$B39,'Paired Comparison'!$G:$G,$C39,'Paired Comparison'!$E:$E,"box001",'Paired Comparison'!$M:$M,"<0") -> 11
A40: BOX001_ALL_AFFECTED_21 | B40: corrected_vs_prg | C40: track_eef_ori_err_deg_mean | D40: Combined hand orientation error (deg) | E40: lower | F40: =COUNTIFS('Paired Comparison'!$A:$A,$B40,'Paired Comparison'!$G:$G,$C40,'Paired Comparison'!$E:$E,"box001") -> 21 | G40: =AVERAGEIFS('Paired Comparison'!$J:$J,'Paired Comparison'!$A:$A,$B40,'Paired Comparison'!$G:$G,$C40,'Paired Comparison'!$E:$E,"box001") -> 23.682021 | H40: =AVERAGEIFS('Paired Comparison'!$K:$K,'Paired Comparison'!$A:$A,$B40,'Paired Comparison'!$G:$G,$C40,'Paired Comparison'!$E:$E,"box001") -> 23.06253 | I40: =H40-G40 -> -0.61949044 | J40: =IF(E40="higher",I40,-I40) -> 0.61949044 | K40: 0.097142442 | L40: -0.58270709 | M40: 1.8938645 | N40: =COUNTIFS('Paired Comparison'!$A:$A,$B40,'Paired Comparison'!$G:$G,$C40,'Paired Comparison'!$E:$E,"box001",'Paired Comparison'!$M:$M,">0") -> 13 | O40: =COUNTIFS('Paired Comparison'!$A:$A,$B40,'Paired Comparison'!$G:$G,$C40,'Paired Comparison'!$E:$E,"box001",'Paired Comparison'!$M:$M,"<0") -> 8
A41: BOX001_ALL_AFFECTED_21 | B41: corrected_vs_prg | C41: hand_object_physics_contact_3mm_in_mask_frac | D41: 3 mm contact fraction | E41: higher | F41: =COUNTIFS('Paired Comparison'!$A:$A,$B41,'Paired Comparison'!$G:$G,$C41,'Paired Comparison'!$E:$E,"box001") -> 21 | G41: =AVERAGEIFS('Paired Comparison'!$J:$J,'Paired Comparison'!$A:$A,$B41,'Paired Comparison'!$G:$G,$C41,'Paired Comparison'!$E:$E,"box001") -> 0.4906867 | H41: =AVERAGEIFS('Paired Comparison'!$K:$K,'Paired Comparison'!$A:$A,$B41,'Paired Comparison'!$G:$G,$C41,'Paired Comparison'!$E:$E,"box001") -> 0.54467014 | I41: =H41-G41 -> 0.053983437 | J41: =IF(E41="higher",I41,-I41) -> 0.053983437 | K41: 0.054347826 | L41: 0.0085439218 | M41: 0.098921618 | N41: =COUNTIFS('Paired Comparison'!$A:$A,$B41,'Paired Comparison'!$G:$G,$C41,'Paired Comparison'!$E:$E,"box001",'Paired Comparison'!$M:$M,">0") -> 15 | O41: =COUNTIFS('Paired Comparison'!$A:$A,$B41,'Paired Comparison'!$G:$G,$C41,'Paired Comparison'!$E:$E,"box001",'Paired Comparison'!$M:$M,"<0") -> 4
A42: BOX001_ALL_AFFECTED_21 | B42: corrected_vs_prg | C42: hand_object_physics_contact_in_mask_frac | D42: Raw contact fraction | E42: higher | F42: =COUNTIFS('Paired Comparison'!$A:$A,$B42,'Paired Comparison'!$G:$G,$C42,'Paired Comparison'!$E:$E,"box001") -> 21 | G42: =AVERAGEIFS('Paired Comparison'!$J:$J,'Paired Comparison'!$A:$A,$B42,'Paired Comparison'!$G:$G,$C42,'Paired Comparison'!$E:$E,"box001") -> 0.79987702 | H42: =AVERAGEIFS('Paired Comparison'!$K:$K,'Paired Comparison'!$A:$A,$B42,'Paired Comparison'!$G:$G,$C42,'Paired Comparison'!$E:$E,"box001") -> 0.78660751 | I42: =H42-G42 -> -0.013269504 | J42: =IF(E42="higher",I42,-I42) -> -0.013269504 | K42: 0 | L42: -0.053229696 | M42: 0.01872913 | N42: =COUNTIFS('Paired Comparison'!$A:$A,$B42,'Paired Comparison'!$G:$G,$C42,'Paired Comparison'!$E:$E,"box001",'Paired Comparison'!$M:$M,">0") -> 7 | O42: =COUNTIFS('Paired Comparison'!$A:$A,$B42,'Paired Comparison'!$G:$G,$C42,'Paired Comparison'!$E:$E,"box001",'Paired Comparison'!$M:$M,"<0") -> 8
A43: BOX001_ALL_AFFECTED_21 | B43: corrected_vs_prg | C43: hand_object_release_false_contact_3mm_frac | D43: False release fraction | E43: lower | F43: =COUNTIFS('Paired Comparison'!$A:$A,$B43,'Paired Comparison'!$G:$G,$C43,'Paired Comparison'!$E:$E,"box001") -> 21 | G43: =AVERAGEIFS('Paired Comparison'!$J:$J,'Paired Comparison'!$A:$A,$B43,'Paired Comparison'!$G:$G,$C43,'Paired Comparison'!$E:$E,"box001") -> 0.12594437 | H43: =AVERAGEIFS('Paired Comparison'!$K:$K,'Paired Comparison'!$A:$A,$B43,'Paired Comparison'!$G:$G,$C43,'Paired Comparison'!$E:$E,"box001") -> 0.12600109 | I43: =H43-G43 -> 5.6718271e-05 | J43: =IF(E43="higher",I43,-I43) -> -5.6718271e-05 | K43: 0 | L43: -0.061619813 | M43: 0.047388971 | N43: =COUNTIFS('Paired Comparison'!$A:$A,$B43,'Paired Comparison'!$G:$G,$C43,'Paired Comparison'!$E:$E,"box001",'Paired Comparison'!$M:$M,">0") -> 9 | O43: =COUNTIFS('Paired Comparison'!$A:$A,$B43,'Paired Comparison'!$G:$G,$C43,'Paired Comparison'!$E:$E,"box001",'Paired Comparison'!$M:$M,"<0") -> 6
A44: BOX001_ALL_AFFECTED_21 | B44: corrected_vs_prg | C44: hand_object_physics_penetration_3mm_frame_frac | D44: Hand penetration fraction | E44: lower | F44: =COUNTIFS('Paired Comparison'!$A:$A,$B44,'Paired Comparison'!$G:$G,$C44,'Paired Comparison'!$E:$E,"box001") -> 21 | G44: =AVERAGEIFS('Paired Comparison'!$J:$J,'Paired Comparison'!$A:$A,$B44,'Paired Comparison'!$G:$G,$C44,'Paired Comparison'!$E:$E,"box001") -> 0.21462744 | H44: =AVERAGEIFS('Paired Comparison'!$K:$K,'Paired Comparison'!$A:$A,$B44,'Paired Comparison'!$G:$G,$C44,'Paired Comparison'!$E:$E,"box001") -> 0.17527071 | I44: =H44-G44 -> -0.039356736 | J44: =IF(E44="higher",I44,-I44) -> 0.039356736 | K44: 0.027272727 | L44: -0.0058206891 | M44: 0.083553899 | N44: =COUNTIFS('Paired Comparison'!$A:$A,$B44,'Paired Comparison'!$G:$G,$C44,'Paired Comparison'!$E:$E,"box001",'Paired Comparison'!$M:$M,">0") -> 14 | O44: =COUNTIFS('Paired Comparison'!$A:$A,$B44,'Paired Comparison'!$G:$G,$C44,'Paired Comparison'!$E:$E,"box001",'Paired Comparison'!$M:$M,"<0") -> 4
... A60: BOX001_ALL_AFFECTED_21 | B60: corrected_vs_contaminated_g1 | C60: fall_flag | D60: Fall flag | E60: lower | F60: =COUNTIFS('Paired Comparison'!$A:$A,$B60,'Paired Comparison'!$G:$G,$C60,'Paired Comparison'!$E:$E,"box001") -> 21 | G60: =AVERAGEIFS('Paired Comparison'!$J:$J,'Paired Comparison'!$A:$A,$B60,'Paired Comparison'!$G:$G,$C60,'Paired Comparison'!$E:$E,"box001") -> 0.047619048 | H60: =AVERAGEIFS('Paired Comparison'!$K:$K,'Paired Comparison'!$A:$A,$B60,'Paired Comparison'!$G:$G,$C60,'Paired Comparison'!$E:$E,"box001") -> 0.047619048 | I60: =H60-G60 -> 0 | J60: =IF(E60="higher",I60,-I60) -> 0 | K60: 0 | L60: 0 | M60: 0 | N60: =COUNTIFS('Paired Comparison'!$A:$A,$B60,'Paired Comparison'!$G:$G,$C60,'Paired Comparison'!$E:$E,"box001",'Paired Comparison'!$M:$M,">0") -> 0 | O60: =COUNTIFS('Paired Comparison'!$A:$A,$B60,'Paired Comparison'!$G:$G,$C60,'Paired Comparison'!$E:$E,"box001",'Paired Comparison'!$M:$M,"<0") -> 0
A61: BOX001_PRIMARY_20 | B61: corrected_vs_prg | C61: track_obj_z_abs_err_cm_mean | D61: Object z MAE (cm) | E61: lower | F61: =COUNTIFS('Paired Comparison'!$A:$A,$B61,'Paired Comparison'!$G:$G,$C61,'Paired Comparison'!$E:$E,"box001",'Paired Comparison'!$F:$F,TRUE()) -> 20 | G61: =AVERAGEIFS('Paired Comparison'!$J:$J,'Paired Comparison'!$A:$A,$B61,'Paired Comparison'!$G:$G,$C61,'Paired Comparison'!$E:$E,"box001",'Paired Comparison'!$F:$F,TRUE()) -> 4.7911164 | H61: =AVERAGEIFS('Paired Comparison'!$K:$K,'Paired Comparison'!$A:$A,$B61,'Paired Comparison'!$G:$G,$C61,'Paired Comparison'!$E:$E,"box001",'Paired Comparison'!$F:$F,TRUE()) -> 3.1501502 | I61: =H61-G61 -> -1.6409663 | J61: =IF(E61="higher",I61,-I61) -> 1.6409663 | K61: 1.6171308 | L61: 1.266534 | M61: 2.0129527 | N61: =COUNTIFS('Paired Comparison'!$A:$A,$B61,'Paired Comparison'!$G:$G,$C61,'Paired Comparison'!$E:$E,"box001",'Paired Comparison'!$F:$F,TRUE(),'Paired Comparison'!$M:$M,">0") -> 20 | O61: =COUNTIFS('Paired Comparison'!$A:$A,$B61,'Paired Comparison'!$G:$G,$C61,'Paired Comparison'!$E:$E,"box001",'Paired Comparison'!$F:$F,TRUE(),'Paired Comparison'!$M:$M,"<0") -> 0
A62: BOX001_PRIMARY_20 | B62: corrected_vs_prg | C62: track_obj_pos_err_cm_mean | D62: Object 3D position error (cm) | E62: lower | F62: =COUNTIFS('Paired Comparison'!$A:$A,$B62,'Paired Comparison'!$G:$G,$C62,'Paired Comparison'!$E:$E,"box001",'Paired Comparison'!$F:$F,TRUE()) -> 20 | G62: =AVERAGEIFS('Paired Comparison'!$J:$J,'Paired Comparison'!$A:$A,$B62,'Paired Comparison'!$G:$G,$C62,'Paired Comparison'!$E:$E,"box001",'Paired Comparison'!$F:$F,TRUE()) -> 11.024351 | H62: =AVERAGEIFS('Paired Comparison'!$K:$K,'Paired Comparison'!$A:$A,$B62,'Paired Comparison'!$G:$G,$C62,'Paired Comparison'!$E:$E,"box001",'Paired Comparison'!$F:$F,TRUE()) -> 9.4733398 | I62: =H62-G62 -> -1.5510117 | J62: =IF(E62="higher",I62,-I62) -> 1.5510117 | K62: 1.1781177 | L62: 0.75461002 | M62: 2.3945333 | N62: =COUNTIFS('Paired Comparison'!$A:$A,$B62,'Paired Comparison'!$G:$G,$C62,'Paired Comparison'!$E:$E,"box001",'Paired Comparison'!$F:$F,TRUE(),'Paired Comparison'!$M:$M,">0") -> 15 | O62: =COUNTIFS('Paired Comparison'!$A:$A,$B62,'Paired Comparison'!$G:$G,$C62,'Paired Comparison'!$E:$E,"box001",'Paired Comparison'!$F:$F,TRUE(),'Paired Comparison'!$M:$M,"<0") -> 5
A63: BOX001_PRIMARY_20 | B63: corrected_vs_prg | C63: track_obj_ori_err_deg_mean | D63: Object orientation error (deg) | E63: lower | F63: =COUNTIFS('Paired Comparison'!$A:$A,$B63,'Paired Comparison'!$G:$G,$C63,'Paired Comparison'!$E:$E,"box001",'Paired Comparison'!$F:$F,TRUE()) -> 20 | G63: =AVERAGEIFS('Paired Comparison'!$J:$J,'Paired Comparison'!$A:$A,$B63,'Paired Comparison'!$G:$G,$C63,'Paired Comparison'!$E:$E,"box001",'Paired Comparison'!$F:$F,TRUE()) -> 6.0756127 | H63: =AVERAGEIFS('Paired Comparison'!$K:$K,'Paired Comparison'!$A:$A,$B63,'Paired Comparison'!$G:$G,$C63,'Paired Comparison'!$E:$E,"box001",'Paired Comparison'!$F:$F,TRUE()) -> 5.2587384 | I63: =H63-G63 -> -0.81687437 | J63: =IF(E63="higher",I63,-I63) -> 0.81687437 | K63: 0.64751634 | L63: 0.22632164 | M63: 1.3990026 | N63: =COUNTIFS('Paired Comparison'!$A:$A,$B63,'Paired Comparison'!$G:$G,$C63,'Paired Comparison'!$E:$E,"box001",'Paired Comparison'!$F:$F,TRUE(),'Paired Comparison'!$M:$M,">0") -> 15 | O63: =COUNTIFS('Paired Comparison'!$A:$A,$B63,'Paired Comparison'!$G:$G,$C63,'Paired Comparison'!$E:$E,"box001",'Paired Comparison'!$F:$F,TRUE(),'Paired Comparison'!$M:$M,"<0") -> 5
A64: BOX001_PRIMARY_20 | B64: corrected_vs_prg | C64: body_z_err_p95_m | D64: Body z error p95 (m) | E64: lower | F64: =COUNTIFS('Paired Comparison'!$A:$A,$B64,'Paired Comparison'!$G:$G,$C64,'Paired Comparison'!$E:$E,"box001",'Paired Comparison'!$F:$F,TRUE()) -> 20 | G64: =AVERAGEIFS('Paired Comparison'!$J:$J,'Paired Comparison'!$A:$A,$B64,'Paired Comparison'!$G:$G,$C64,'Paired Comparison'!$E:$E,"box001",'Paired Comparison'!$F:$F,TRUE()) -> 0.083167981 | H64: =AVERAGEIFS('Paired Comparison'!$K:$K,'Paired Comparison'!$A:$A,$B64,'Paired Comparison'!$G:$G,$C64,'Paired Comparison'!$E:$E,"box001",'Paired Comparison'!$F:$F,TRUE()) -> 0.068736226 | I64: =H64-G64 -> -0.014431756 | J64: =IF(E64="higher",I64,-I64) -> 0.014431756 | K64: 0.013655831 | L64: 0.0090112804 | M64: 0.020154441 | N64: =COUNTIFS('Paired Comparison'!$A:$A,$B64,'Paired Comparison'!$G:$G,$C64,'Paired Comparison'!$E:$E,"box001",'Paired Comparison'!$F:$F,TRUE(),'Paired Comparison'!$M:$M,">0") -> 17 | O64: =COUNTIFS('Paired Comparison'!$A:$A,$B64,'Paired Comparison'!$G:$G,$C64,'Paired Comparison'!$E:$E,"box001",'Paired Comparison'!$F:$F,TRUE(),'Paired Comparison'!$M:$M,"<0") -> 3
A65: BOX001_PRIMARY_20 | B65: corrected_vs_prg | C65: track_root_pos_err_cm_mean | D65: Body/root position error (cm) | E65: lower | F65: =COUNTIFS('Paired Comparison'!$A:$A,$B65,'Paired Comparison'!$G:$G,$C65,'Paired Comparison'!$E:$E,"box001",'Paired Comparison'!$F:$F,TRUE()) -> 20 | G65: =AVERAGEIFS('Paired Comparison'!$J:$J,'Paired Comparison'!$A:$A,$B65,'Paired Comparison'!$G:$G,$C65,'Paired Comparison'!$E:$E,"box001",'Paired Comparison'!$F:$F,TRUE()) -> 16.216997 | H65: =AVERAGEIFS('Paired Comparison'!$K:$K,'Paired Comparison'!$A:$A,$B65,'Paired Comparison'!$G:$G,$C65,'Paired Comparison'!$E:$E,"box001",'Paired Comparison'!$F:$F,TRUE()) -> 16.486598 | I65: =H65-G65 -> 0.26960123 | J65: =IF(E65="higher",I65,-I65) -> -0.26960123 | K65: -1.0486487 | L65: -1.9273485 | M65: 1.4733526 | N65: =COUNTIFS('Paired Comparison'!$A:$A,$B65,'Paired Comparison'!$G:$G,$C65,'Paired Comparison'!$E:$E,"box001",'Paired Comparison'!$F:$F,TRUE(),'Paired Comparison'!$M:$M,">0") -> 9 | O65: =COUNTIFS('Paired Comparison'!$A:$A,$B65,'Paired Comparison'!$G:$G,$C65,'Paired Comparison'!$E:$E,"box001",'Paired Comparison'!$F:$F,TRUE(),'Paired Comparison'!$M:$M,"<0") -> 11
A66: BOX001_PRIMARY_20 | B66: corrected_vs_prg | C66: track_root_ori_err_deg_mean | D66: Body/root orientation error (deg) | E66: lower | F66: =COUNTIFS('Paired Comparison'!$A:$A,$B66,'Paired Comparison'!$G:$G,$C66,'Paired Comparison'!$E:$E,"box001",'Paired Comparison'!$F:$F,TRUE()) -> 20 | G66: =AVERAGEIFS('Paired Comparison'!$J:$J,'Paired Comparison'!$A:$A,$B66,'Paired Comparison'!$G:$G,$C66,'Paired Comparison'!$E:$E,"box001",'Paired Comparison'!$F:$F,TRUE()) -> 9.9014094 | H66: =AVERAGEIFS('Paired Comparison'!$K:$K,'Paired Comparison'!$A:$A,$B66,'Paired Comparison'!$G:$G,$C66,'Paired Comparison'!$E:$E,"box001",'Paired Comparison'!$F:$F,TRUE()) -> 8.7580042 | I66: =H66-G66 -> -1.1434052 | J66: =IF(E66="higher",I66,-I66) -> 1.1434052 | K66: 0.51023898 | L66: -0.059949455 | M66: 2.5403486 | N66: =COUNTIFS('Paired Comparison'!$A:$A,$B66,'Paired Comparison'!$G:$G,$C66,'Paired Comparison'!$E:$E,"box001",'Paired Comparison'!$F:$F,TRUE(),'Paired Comparison'!$M:$M,">0") -> 13 | O66: =COUNTIFS('Paired Comparison'!$A:$A,$B66,'Paired Comparison'!$G:$G,$C66,'Paired Comparison'!$E:$E,"box001",'Paired Comparison'!$F:$F,TRUE(),'Paired Comparison'!$M:$M,"<0") -> 7
A67: BOX001_PRIMARY_20 | B67: corrected_vs_prg | C67: track_eef_pos_err_cm_mean | D67: Combined hand position error (cm) | E67: lower | F67: =COUNTIFS('Paired Comparison'!$A:$A,$B67,'Paired Comparison'!$G:$G,$C67,'Paired Comparison'!$E:$E,"box001",'Paired Comparison'!$F:$F,TRUE()) -> 20 | G67: =AVERAGEIFS('Paired Comparison'!$J:$J,'Paired Comparison'!$A:$A,$B67,'Paired Comparison'!$G:$G,$C67,'Paired Comparison'!$E:$E,"box001",'Paired Comparison'!$F:$F,TRUE()) -> 16.004158 | H67: =AVERAGEIFS('Paired Comparison'!$K:$K,'Paired Comparison'!$A:$A,$B67,'Paired Comparison'!$G:$G,$C67,'Paired Comparison'!$E:$E,"box001",'Paired Comparison'!$F:$F,TRUE()) -> 15.734812 | I67: =H67-G67 -> -0.26934655 | J67: =IF(E67="higher",I67,-I67) -> 0.26934655 | K67: -0.87223837 | L67: -1.1507785 | M67: 1.8570812 | N67: =COUNTIFS('Paired Comparison'!$A:$A,$B67,'Paired Comparison'!$G:$G,$C67,'Paired Comparison'!$E:$E,"box001",'Paired Comparison'!$F:$F,TRUE(),'Paired Comparison'!$M:$M,">0") -> 9 | O67: =COUNTIFS('Paired Comparison'!$A:$A,$B67,'Paired Comparison'!$G:$G,$C67,'Paired Comparison'!$E:$E,"box001",'Paired Comparison'!$F:$F,TRUE(),'Paired Comparison'!$M:$M,"<0") -> 11
A68: BOX001_PRIMARY_20 | B68: corrected_vs_prg | C68: track_eef_ori_err_deg_mean | D68: Combined hand orientation error (deg) | E68: lower | F68: =COUNTIFS('Paired Comparison'!$A:$A,$B68,'Paired Comparison'!$G:$G,$C68,'Paired Comparison'!$E:$E,"box001",'Paired Comparison'!$F:$F,TRUE()) -> 20 | G68: =AVERAGEIFS('Paired Comparison'!$J:$J,'Paired Comparison'!$A:$A,$B68,'Paired Comparison'!$G:$G,$C68,'Paired Comparison'!$E:$E,"box001",'Paired Comparison'!$F:$F,TRUE()) -> 18.556519 | H68: =AVERAGEIFS('Paired Comparison'!$K:$K,'Paired Comparison'!$A:$A,$B68,'Paired Comparison'!$G:$G,$C68,'Paired Comparison'!$E:$E,"box001",'Paired Comparison'!$F:$F,TRUE()) -> 17.864376 | I68: =H68-G68 -> -0.69214347 | J68: =IF(E68="higher",I68,-I68) -> 0.69214347 | K68: 0.36313839 | L68: -0.55907738 | M68: 2.041943 | N68: =COUNTIFS('Paired Comparison'!$A:$A,$B68,'Paired Comparison'!$G:$G,$C68,'Paired Comparison'!$E:$E,"box001",'Paired Comparison'!$F:$F,TRUE(),'Paired Comparison'!$M:$M,">0") -> 13 | O68: =COUNTIFS('Paired Comparison'!$A:$A,$B68,'Paired Comparison'!$G:$G,$C68,'Paired Comparison'!$E:$E,"box001",'Paired Comparison'!$F:$F,TRUE(),'Paired Comparison'!$M:$M,"<0") -> 7
A69: BOX001_PRIMARY_20 | B69: corrected_vs_prg | C69: hand_object_physics_contact_3mm_in_mask_frac | D69: 3 mm contact fraction | E69: higher | F69: =COUNTIFS('Paired Comparison'!$A:$A,$B69,'Paired Comparison'!$G:$G,$C69,'Paired Comparison'!$E:$E,"box001",'Paired Comparison'!$F:$F,TRUE()) -> 20 | G69: =AVERAGEIFS('Paired Comparison'!$J:$J,'Paired Comparison'!$A:$A,$B69,'Paired Comparison'!$G:$G,$C69,'Paired Comparison'!$E:$E,"box001",'Paired Comparison'!$F:$F,TRUE()) -> 0.51522104 | H69: =AVERAGEIFS('Paired Comparison'!$K:$K,'Paired Comparison'!$A:$A,$B69,'Paired Comparison'!$G:$G,$C69,'Paired Comparison'!$E:$E,"box001",'Paired Comparison'!$F:$F,TRUE()) -> 0.57190365 | I69: =H69-G69 -> 0.056682609 | J69: =IF(E69="higher",I69,-I69) -> 0.056682609 | K69: 0.063938619 | L69: 0.010379832 | M69: 0.103847 | N69: =COUNTIFS('Paired Comparison'!$A:$A,$B69,'Paired Comparison'!$G:$G,$C69,'Paired Comparison'!$E:$E,"box001",'Paired Comparison'!$F:$F,TRUE(),'Paired Comparison'!$M:$M,">0") -> 15 | O69: =COUNTIFS('Paired Comparison'!$A:$A,$B69,'Paired Comparison'!$G:$G,$C69,'Paired Comparison'!$E:$E,"box001",'Paired Comparison'!$F:$F,TRUE(),'Paired Comparison'!$M:$M,"<0") -> 4
A70: BOX001_PRIMARY_20 | B70: corrected_vs_prg | C70: hand_object_physics_contact_in_mask_frac | D70: Raw contact fraction | E70: higher | F70: =COUNTIFS('Paired Comparison'!$A:$A,$B70,'Paired Comparison'!$G:$G,$C70,'Paired Comparison'!$E:$E,"box001",'Paired Comparison'!$F:$F,TRUE()) -> 20 | G70: =AVERAGEIFS('Paired Comparison'!$J:$J,'Paired Comparison'!$A:$A,$B70,'Paired Comparison'!$G:$G,$C70,'Paired Comparison'!$E:$E,"box001",'Paired Comparison'!$F:$F,TRUE()) -> 0.83987087 | H70: =AVERAGEIFS('Paired Comparison'!$K:$K,'Paired Comparison'!$A:$A,$B70,'Paired Comparison'!$G:$G,$C70,'Paired Comparison'!$E:$E,"box001",'Paired Comparison'!$F:$F,TRUE()) -> 0.82593789 | I70: =H70-G70 -> -0.013932979 | J70: =IF(E70="higher",I70,-I70) -> -0.013932979 | K70: 0 | L70: -0.055385322 | M70: 0.020091313 | N70: =COUNTIFS('Paired Comparison'!$A:$A,$B70,'Paired Comparison'!$G:$G,$C70,'Paired Comparison'!$E:$E,"box001",'Paired Comparison'!$F:$F,TRUE(),'Paired Comparison'!$M:$M,">0") -> 7 | O70: =COUNTIFS('Paired Comparison'!$A:$A,$B70,'Paired Comparison'!$G:$G,$C70,'Paired Comparison'!$E:$E,"box001",'Paired Comparison'!$F:$F,TRUE(),'Paired Comparison'!$M:$M,"<0") -> 8
A71: BOX001_PRIMARY_20 | B71: corrected_vs_prg | C71: hand_object_release_false_contact_3mm_frac | D71: False release fraction | E71: lower | F71: =COUNTIFS('Paired Comparison'!$A:$A,$B71,'Paired Comparison'!$G:$G,$C71,'Paired Comparison'!$E:$E,"box001",'Paired Comparison'!$F:$F,TRUE()) -> 20 | G71: =AVERAGEIFS('Paired Comparison'!$J:$J,'Paired Comparison'!$A:$A,$B71,'Paired Comparison'!$G:$G,$C71,'Paired Comparison'!$E:$E,"box001",'Paired Comparison'!$F:$F,TRUE()) -> 0.13224159 | H71: =AVERAGEIFS('Paired Comparison'!$K:$K,'Paired Comparison'!$A:$A,$B71,'Paired Comparison'!$G:$G,$C71,'Paired Comparison'!$E:$E,"box001",'Paired Comparison'!$F:$F,TRUE()) -> 0.13230114 | I71: =H71-G71 -> 5.9554185e-05 | J71: =IF(E71="higher",I71,-I71) -> -5.9554185e-05 | K71: 0 | L71: -0.06650455 | M71: 0.049498083 | N71: =COUNTIFS('Paired Comparison'!$A:$A,$B71,'Paired Comparison'!$G:$G,$C71,'Paired Comparison'!$E:$E,"box001",'Paired Comparison'!$F:$F,TRUE(),'Paired Comparison'!$M:$M,">0") -> 9 | O71: =COUNTIFS('Paired Comparison'!$A:$A,$B71,'Paired Comparison'!$G:$G,$C71,'Paired Comparison'!$E:$E,"box001",'Paired Comparison'!$F:$F,TRUE(),'Paired Comparison'!$M:$M,"<0") -> 6
A72: BOX001_PRIMARY_20 | B72: corrected_vs_prg | C72: hand_object_physics_penetration_3mm_frame_frac | D72: Hand penetration fraction | E72: lower | F72: =COUNTIFS('Paired Comparison'!$A:$A,$B72,'Paired Comparison'!$G:$G,$C72,'Paired Comparison'!$E:$E,"box001",'Paired Comparison'!$F:$F,TRUE()) -> 20 | G72: =AVERAGEIFS('Paired Comparison'!$J:$J,'Paired Comparison'!$A:$A,$B72,'Paired Comparison'!$G:$G,$C72,'Paired Comparison'!$E:$E,"box001",'Paired Comparison'!$F:$F,TRUE()) -> 0.22535881 | H72: =AVERAGEIFS('Paired Comparison'!$K:$K,'Paired Comparison'!$A:$A,$B72,'Paired Comparison'!$G:$G,$C72,'Paired Comparison'!$E:$E,"box001",'Paired Comparison'!$F:$F,TRUE()) -> 0.18403424 | I72: =H72-G72 -> -0.041324573 | J72: =IF(E72="higher",I72,-I72) -> 0.041324573 | K72: 0.031984987 | L72: -0.0054988967 | M72: 0.087819721 | N72: =COUNTIFS('Paired Comparison'!$A:$A,$B72,'Paired Comparison'!$G:$G,$C72,'Paired Comparison'!$E:$E,"box001",'Paired Comparison'!$F:$F,TRUE(),'Paired Comparison'!$M:$M,">0") -> 14 | O72: =COUNTIFS('Paired Comparison'!$A:$A,$B72,'Paired Comparison'!$G:$G,$C72,'Paired Comparison'!$E:$E,"box001",'Paired Comparison'!$F:$F,TRUE(),'Paired Comparison'!$M:$M,"<0") -> 4
... A88: BOX001_PRIMARY_20 | B88: corrected_vs_contaminated_g1 | C88: fall_flag | D88: Fall flag | E88: lower | F88: =COUNTIFS('Paired Comparison'!$A:$A,$B88,'Paired Comparison'!$G:$G,$C88,'Paired Comparison'!$E:$E,"box001",'Paired Comparison'!$F:$F,TRUE()) -> 20 | G88: =AVERAGEIFS('Paired Comparison'!$J:$J,'Paired Comparison'!$A:$A,$B88,'Paired Comparison'!$G:$G,$C88,'Paired Comparison'!$E:$E,"box001",'Paired Comparison'!$F:$F,TRUE()) -> 0 | H88: =AVERAGEIFS('Paired Comparison'!$K:$K,'Paired Comparison'!$A:$A,$B88,'Paired Comparison'!$G:$G,$C88,'Paired Comparison'!$E:$E,"box001",'Paired Comparison'!$F:$F,TRUE()) -> 0 | I88: =H88-G88 -> 0 | J88: =IF(E88="higher",I88,-I88) -> 0 | K88: 0 | L88: 0 | M88: 0 | N88: =COUNTIFS('Paired Comparison'!$A:$A,$B88,'Paired Comparison'!$G:$G,$C88,'Paired Comparison'!$E:$E,"box001",'Paired Comparison'!$F:$F,TRUE(),'Paired Comparison'!$M:$M,">0") -> 0 | O88: =COUNTIFS('Paired Comparison'!$A:$A,$B88,'Paired Comparison'!$G:$G,$C88,'Paired Comparison'!$E:$E,"box001",'Paired Comparison'!$F:$F,TRUE(),'Paired Comparison'!$M:$M,"<0") -> 0
A89: BOX023_8 | B89: corrected_vs_prg | C89: track_obj_z_abs_err_cm_mean | D89: Object z MAE (cm) | E89: lower | F89: =COUNTIFS('Paired Comparison'!$A:$A,$B89,'Paired Comparison'!$G:$G,$C89,'Paired Comparison'!$E:$E,"box023") -> 8 | G89: =AVERAGEIFS('Paired Comparison'!$J:$J,'Paired Comparison'!$A:$A,$B89,'Paired Comparison'!$G:$G,$C89,'Paired Comparison'!$E:$E,"box023") -> 5.5134294 | H89: =AVERAGEIFS('Paired Comparison'!$K:$K,'Paired Comparison'!$A:$A,$B89,'Paired Comparison'!$G:$G,$C89,'Paired Comparison'!$E:$E,"box023") -> 4.9642025 | I89: =H89-G89 -> -0.54922682 | J89: =IF(E89="higher",I89,-I89) -> 0.54922682 | K89: 0.67597277 | L89: -0.039847876 | M89: 1.1246725 | N89: =COUNTIFS('Paired Comparison'!$A:$A,$B89,'Paired Comparison'!$G:$G,$C89,'Paired Comparison'!$E:$E,"box023",'Paired Comparison'!$M:$M,">0") -> 6 | O89: =COUNTIFS('Paired Comparison'!$A:$A,$B89,'Paired Comparison'!$G:$G,$C89,'Paired Comparison'!$E:$E,"box023",'Paired Comparison'!$M:$M,"<0") -> 2
A90: BOX023_8 | B90: corrected_vs_prg | C90: track_obj_pos_err_cm_mean | D90: Object 3D position error (cm) | E90: lower | F90: =COUNTIFS('Paired Comparison'!$A:$A,$B90,'Paired Comparison'!$G:$G,$C90,'Paired Comparison'!$E:$E,"box023") -> 8 | G90: =AVERAGEIFS('Paired Comparison'!$J:$J,'Paired Comparison'!$A:$A,$B90,'Paired Comparison'!$G:$G,$C90,'Paired Comparison'!$E:$E,"box023") -> 13.172722 | H90: =AVERAGEIFS('Paired Comparison'!$K:$K,'Paired Comparison'!$A:$A,$B90,'Paired Comparison'!$G:$G,$C90,'Paired Comparison'!$E:$E,"box023") -> 11.752237 | I90: =H90-G90 -> -1.4204858 | J90: =IF(E90="higher",I90,-I90) -> 1.4204858 | K90: 0.98020236 | L90: 0.30683529 | M90: 2.7994513 | N90: =COUNTIFS('Paired Comparison'!$A:$A,$B90,'Paired Comparison'!$G:$G,$C90,'Paired Comparison'!$E:$E,"box023",'Paired Comparison'!$M:$M,">0") -> 6 | O90: =COUNTIFS('Paired Comparison'!$A:$A,$B90,'Paired Comparison'!$G:$G,$C90,'Paired Comparison'!$E:$E,"box023",'Paired Comparison'!$M:$M,"<0") -> 2
A91: BOX023_8 | B91: corrected_vs_prg | C91: track_obj_ori_err_deg_mean | D91: Object orientation error (deg) | E91: lower | F91: =COUNTIFS('Paired Comparison'!$A:$A,$B91,'Paired Comparison'!$G:$G,$C91,'Paired Comparison'!$E:$E,"box023") -> 8 | G91: =AVERAGEIFS('Paired Comparison'!$J:$J,'Paired Comparison'!$A:$A,$B91,'Paired Comparison'!$G:$G,$C91,'Paired Comparison'!$E:$E,"box023") -> 5.2707566 | H91: =AVERAGEIFS('Paired Comparison'!$K:$K,'Paired Comparison'!$A:$A,$B91,'Paired Comparison'!$G:$G,$C91,'Paired Comparison'!$E:$E,"box023") -> 4.8845706 | I91: =H91-G91 -> -0.38618597 | J91: =IF(E91="higher",I91,-I91) -> 0.38618597 | K91: -0.4605245 | L91: -0.60591863 | M91: 1.7621957 | N91: =COUNTIFS('Paired Comparison'!$A:$A,$B91,'Paired Comparison'!$G:$G,$C91,'Paired Comparison'!$E:$E,"box023",'Paired Comparison'!$M:$M,">0") -> 3 | O91: =COUNTIFS('Paired Comparison'!$A:$A,$B91,'Paired Comparison'!$G:$G,$C91,'Paired Comparison'!$E:$E,"box023",'Paired Comparison'!$M:$M,"<0") -> 5
A92: BOX023_8 | B92: corrected_vs_prg | C92: body_z_err_p95_m | D92: Body z error p95 (m) | E92: lower | F92: =COUNTIFS('Paired Comparison'!$A:$A,$B92,'Paired Comparison'!$G:$G,$C92,'Paired Comparison'!$E:$E,"box023") -> 8 | G92: =AVERAGEIFS('Paired Comparison'!$J:$J,'Paired Comparison'!$A:$A,$B92,'Paired Comparison'!$G:$G,$C92,'Paired Comparison'!$E:$E,"box023") -> 0.14789133 | H92: =AVERAGEIFS('Paired Comparison'!$K:$K,'Paired Comparison'!$A:$A,$B92,'Paired Comparison'!$G:$G,$C92,'Paired Comparison'!$E:$E,"box023") -> 0.13539 | I92: =H92-G92 -> -0.012501328 | J92: =IF(E92="higher",I92,-I92) -> 0.012501328 | K92: 0.0092109075 | L92: 0.00052632702 | M92: 0.025160025 | N92: =COUNTIFS('Paired Comparison'!$A:$A,$B92,'Paired Comparison'!$G:$G,$C92,'Paired Comparison'!$E:$E,"box023",'Paired Comparison'!$M:$M,">0") -> 5 | O92: =COUNTIFS('Paired Comparison'!$A:$A,$B92,'Paired Comparison'!$G:$G,$C92,'Paired Comparison'!$E:$E,"box023",'Paired Comparison'!$M:$M,"<0") -> 3
A93: BOX023_8 | B93: corrected_vs_prg | C93: track_root_pos_err_cm_mean | D93: Body/root position error (cm) | E93: lower | F93: =COUNTIFS('Paired Comparison'!$A:$A,$B93,'Paired Comparison'!$G:$G,$C93,'Paired Comparison'!$E:$E,"box023") -> 8 | G93: =AVERAGEIFS('Paired Comparison'!$J:$J,'Paired Comparison'!$A:$A,$B93,'Paired Comparison'!$G:$G,$C93,'Paired Comparison'!$E:$E,"box023") -> 18.03214 | H93: =AVERAGEIFS('Paired Comparison'!$K:$K,'Paired Comparison'!$A:$A,$B93,'Paired Comparison'!$G:$G,$C93,'Paired Comparison'!$E:$E,"box023") -> 16.744908 | I93: =H93-G93 -> -1.2872317 | J93: =IF(E93="higher",I93,-I93) -> 1.2872317 | K93: 0.5632132 | L93: -0.36512181 | M93: 3.1419176 | N93: =COUNTIFS('Paired Comparison'!$A:$A,$B93,'Paired Comparison'!$G:$G,$C93,'Paired Comparison'!$E:$E,"box023",'Paired Comparison'!$M:$M,">0") -> 6 | O93: =COUNTIFS('Paired Comparison'!$A:$A,$B93,'Paired Comparison'!$G:$G,$C93,'Paired Comparison'!$E:$E,"box023",'Paired Comparison'!$M:$M,"<0") -> 2
A94: BOX023_8 | B94: corrected_vs_prg | C94: track_root_ori_err_deg_mean | D94: Body/root orientation error (deg) | E94: lower | F94: =COUNTIFS('Paired Comparison'!$A:$A,$B94,'Paired Comparison'!$G:$G,$C94,'Paired Comparison'!$E:$E,"box023") -> 8 | G94: =AVERAGEIFS('Paired Comparison'!$J:$J,'Paired Comparison'!$A:$A,$B94,'Paired Comparison'!$G:$G,$C94,'Paired Comparison'!$E:$E,"box023") -> 14.946626 | H94: =AVERAGEIFS('Paired Comparison'!$K:$K,'Paired Comparison'!$A:$A,$B94,'Paired Comparison'!$G:$G,$C94,'Paired Comparison'!$E:$E,"box023") -> 11.94522 | I94: =H94-G94 -> -3.0014058 | J94: =IF(E94="higher",I94,-I94) -> 3.0014058 | K94: 2.777067 | L94: 1.2598271 | M94: 4.8694702 | N94: =COUNTIFS('Paired Comparison'!$A:$A,$B94,'Paired Comparison'!$G:$G,$C94,'Paired Comparison'!$E:$E,"box023",'Paired Comparison'!$M:$M,">0") -> 7 | O94: =COUNTIFS('Paired Comparison'!$A:$A,$B94,'Paired Comparison'!$G:$G,$C94,'Paired Comparison'!$E:$E,"box023",'Paired Comparison'!$M:$M,"<0") -> 1
A95: BOX023_8 | B95: corrected_vs_prg | C95: track_eef_pos_err_cm_mean | D95: Combined hand position error (cm) | E95: lower | F95: =COUNTIFS('Paired Comparison'!$A:$A,$B95,'Paired Comparison'!$G:$G,$C95,'Paired Comparison'!$E:$E,"box023") -> 8 | G95: =AVERAGEIFS('Paired Comparison'!$J:$J,'Paired Comparison'!$A:$A,$B95,'Paired Comparison'!$G:$G,$C95,'Paired Comparison'!$E:$E,"box023") -> 16.619985 | H95: =AVERAGEIFS('Paired Comparison'!$K:$K,'Paired Comparison'!$A:$A,$B95,'Paired Comparison'!$G:$G,$C95,'Paired Comparison'!$E:$E,"box023") -> 15.328821 | I95: =H95-G95 -> -1.2911638 | J95: =IF(E95="higher",I95,-I95) -> 1.2911638 | K95: 0.80602423 | L95: -0.41657943 | M95: 3.2013356 | N95: =COUNTIFS('Paired Comparison'!$A:$A,$B95,'Paired Comparison'!$G:$G,$C95,'Paired Comparison'!$E:$E,"box023",'Paired Comparison'!$M:$M,">0") -> 5 | O95: =COUNTIFS('Paired Comparison'!$A:$A,$B95,'Paired Comparison'!$G:$G,$C95,'Paired Comparison'!$E:$E,"box023",'Paired Comparison'!$M:$M,"<0") -> 3
A96: BOX023_8 | B96: corrected_vs_prg | C96: track_eef_ori_err_deg_mean | D96: Combined hand orientation error (deg) | E96: lower | F96: =COUNTIFS('Paired Comparison'!$A:$A,$B96,'Paired Comparison'!$G:$G,$C96,'Paired Comparison'!$E:$E,"box023") -> 8 | G96: =AVERAGEIFS('Paired Comparison'!$J:$J,'Paired Comparison'!$A:$A,$B96,'Paired Comparison'!$G:$G,$C96,'Paired Comparison'!$E:$E,"box023") -> 21.797874 | H96: =AVERAGEIFS('Paired Comparison'!$K:$K,'Paired Comparison'!$A:$A,$B96,'Paired Comparison'!$G:$G,$C96,'Paired Comparison'!$E:$E,"box023") -> 19.576612 | I96: =H96-G96 -> -2.2212613 | J96: =IF(E96="higher",I96,-I96) -> 2.2212613 | K96: 2.6867449 | L96: 0.13828115 | M96: 4.0357883 | N96: =COUNTIFS('Paired Comparison'!$A:$A,$B96,'Paired Comparison'!$G:$G,$C96,'Paired Comparison'!$E:$E,"box023",'Paired Comparison'!$M:$M,">0") -> 7 | O96: =COUNTIFS('Paired Comparison'!$A:$A,$B96,'Paired Comparison'!$G:$G,$C96,'Paired Comparison'!$E:$E,"box023",'Paired Comparison'!$M:$M,"<0") -> 1
A97: BOX023_8 | B97: corrected_vs_prg | C97: hand_object_physics_contact_3mm_in_mask_frac | D97: 3 mm contact fraction | E97: higher | F97: =COUNTIFS('Paired Comparison'!$A:$A,$B97,'Paired Comparison'!$G:$G,$C97,'Paired Comparison'!$E:$E,"box023") -> 8 | G97: =AVERAGEIFS('Paired Comparison'!$J:$J,'Paired Comparison'!$A:$A,$B97,'Paired Comparison'!$G:$G,$C97,'Paired Comparison'!$E:$E,"box023") -> 0.50760508 | H97: =AVERAGEIFS('Paired Comparison'!$K:$K,'Paired Comparison'!$A:$A,$B97,'Paired Comparison'!$G:$G,$C97,'Paired Comparison'!$E:$E,"box023") -> 0.50109261 | I97: =H97-G97 -> -0.0065124684 | J97: =IF(E97="higher",I97,-I97) -> -0.0065124684 | K97: -0.010869565 | L97: -0.10158734 | M97: 0.092668535 | N97: =COUNTIFS('Paired Comparison'!$A:$A,$B97,'Paired Comparison'!$G:$G,$C97,'Paired Comparison'!$E:$E,"box023",'Paired Comparison'!$M:$M,">0") -> 3 | O97: =COUNTIFS('Paired Comparison'!$A:$A,$B97,'Paired Comparison'!$G:$G,$C97,'Paired Comparison'!$E:$E,"box023",'Paired Comparison'!$M:$M,"<0") -> 4
A98: BOX023_8 | B98: corrected_vs_prg | C98: hand_object_physics_contact_in_mask_frac | D98: Raw contact fraction | E98: higher | F98: =COUNTIFS('Paired Comparison'!$A:$A,$B98,'Paired Comparison'!$G:$G,$C98,'Paired Comparison'!$E:$E,"box023") -> 8 | G98: =AVERAGEIFS('Paired Comparison'!$J:$J,'Paired Comparison'!$A:$A,$B98,'Paired Comparison'!$G:$G,$C98,'Paired Comparison'!$E:$E,"box023") -> 0.72582904 | H98: =AVERAGEIFS('Paired Comparison'!$K:$K,'Paired Comparison'!$A:$A,$B98,'Paired Comparison'!$G:$G,$C98,'Paired Comparison'!$E:$E,"box023") -> 0.7382192 | I98: =H98-G98 -> 0.012390163 | J98: =IF(E98="higher",I98,-I98) -> 0.012390163 | K98: -0.010204082 | L98: -0.04358826 | M98: 0.064829641 | N98: =COUNTIFS('Paired Comparison'!$A:$A,$B98,'Paired Comparison'!$G:$G,$C98,'Paired Comparison'!$E:$E,"box023",'Paired Comparison'!$M:$M,">0") -> 3 | O98: =COUNTIFS('Paired Comparison'!$A:$A,$B98,'Paired Comparison'!$G:$G,$C98,'Paired Comparison'!$E:$E,"box023",'Paired Comparison'!$M:$M,"<0") -> 4
A99: BOX023_8 | B99: corrected_vs_prg | C99: hand_object_release_false_contact_3mm_frac | D99: False release fraction | E99: lower | F99: =COUNTIFS('Paired Comparison'!$A:$A,$B99,'Paired Comparison'!$G:$G,$C99,'Paired Comparison'!$E:$E,"box023") -> 8 | G99: =AVERAGEIFS('Paired Comparison'!$J:$J,'Paired Comparison'!$A:$A,$B99,'Paired Comparison'!$G:$G,$C99,'Paired Comparison'!$E:$E,"box023") -> 0.02743922 | H99: =AVERAGEIFS('Paired Comparison'!$K:$K,'Paired Comparison'!$A:$A,$B99,'Paired Comparison'!$G:$G,$C99,'Paired Comparison'!$E:$E,"box023") -> 0.018962209 | I99: =H99-G99 -> -0.0084770115 | J99: =IF(E99="higher",I99,-I99) -> 0.0084770115 | K99: 0 | L99: 0 | M99: 0.020977011 | N99: =COUNTIFS('Paired Comparison'!$A:$A,$B99,'Paired Comparison'!$G:$G,$C99,'Paired Comparison'!$E:$E,"box023",'Paired Comparison'!$M:$M,">0") -> 2 | O99: =COUNTIFS('Paired Comparison'!$A:$A,$B99,'Paired Comparison'!$G:$G,$C99,'Paired Comparison'!$E:$E,"box023",'Paired Comparison'!$M:$M,"<0") -> 0
A100: BOX023_8 | B100: corrected_vs_prg | C100: hand_object_physics_penetration_3mm_frame_frac | D100: Hand penetration fraction | E100: lower | F100: =COUNTIFS('Paired Comparison'!$A:$A,$B100,'Paired Comparison'!$G:$G,$C100,'Paired Comparison'!$E:$E,"box023") -> 8 | G100: =AVERAGEIFS('Paired Comparison'!$J:$J,'Paired Comparison'!$A:$A,$B100,'Paired Comparison'!$G:$G,$C100,'Paired Comparison'!$E:$E,"box023") -> 0.13218169 | H100: =AVERAGEIFS('Paired Comparison'!$K:$K,'Paired Comparison'!$A:$A,$B100,'Paired Comparison'!$G:$G,$C100,'Paired Comparison'!$E:$E,"box023") -> 0.14246721 | I100: =H100-G100 -> 0.010285522 | J100: =IF(E100="higher",I100,-I100) -> -0.010285522 | K100: -0.020408163 | L100: -0.064630013 | M100: 0.048484576 | N100: =COUNTIFS('Paired Comparison'!$A:$A,$B100,'Paired Comparison'!$G:$G,$C100,'Paired Comparison'!$E:$E,"box023",'Paired Comparison'!$M:$M,">0") -> 3 | O100: =COUNTIFS('Paired Comparison'!$A:$A,$B100,'Paired Comparison'!$G:$G,$C100,'Paired Comparison'!$E:$E,"box023",'Paired Comparison'!$M:$M,"<0") -> 4
... A116: BOX023_8 | B116: corrected_vs_contaminated_g1 | C116: fall_flag | D116: Fall flag | E116: lower | F116: =COUNTIFS('Paired Comparison'!$A:$A,$B116,'Paired Comparison'!$G:$G,$C116,'Paired Comparison'!$E:$E,"box023") -> 8 | G116: =AVERAGEIFS('Paired Comparison'!$J:$J,'Paired Comparison'!$A:$A,$B116,'Paired Comparison'!$G:$G,$C116,'Paired Comparison'!$E:$E,"box023") -> 0 | H116: =AVERAGEIFS('Paired Comparison'!$K:$K,'Paired Comparison'!$A:$A,$B116,'Paired Comparison'!$G:$G,$C116,'Paired Comparison'!$E:$E,"box023") -> 0 | I116: =H116-G116 -> 0 | J116: =IF(E116="higher",I116,-I116) -> 0 | K116: 0 | L116: 0 | M116: 0 | N116: =COUNTIFS('Paired Comparison'!$A:$A,$B116,'Paired Comparison'!$G:$G,$C116,'Paired Comparison'!$E:$E,"box023",'Paired Comparison'!$M:$M,">0") -> 0 | O116: =COUNTIFS('Paired Comparison'!$A:$A,$B116,'Paired Comparison'!$G:$G,$C116,'Paired Comparison'!$E:$E,"box023",'Paired Comparison'!$M:$M,"<0") -> 0

Sheet 12-Gate
A1: Twelve-gate migrations
A2: Every case and gate is shown for corrected G1 against PRG and contaminated G1.
A4: Comparison | B4: Baseline arm | C4: Candidate arm | D4: Case | E4: Object | F4: Gate | G4: Baseline pass | H4: Candidate pass | I4: Migration
A5: corrected_vs_prg | B5: PRG | C5: G1 corrected | D5: box001_20231003_2_041_p1 | E5: box001 | F5: fall | G5: =TRUE() -> TRUE | H5: =TRUE() -> TRUE | I5: =IF(AND(G5,H5),"PASS_TO_PASS",IF(G5,"PASS_TO_FAIL",IF(H5,"FAIL_TO_PASS","FAIL_TO_FAIL"))) -> PASS_TO_PASS
A6: corrected_vs_prg | B6: PRG | C6: G1 corrected | D6: box001_20231003_2_041_p1 | E6: box001 | F6: body_z | G6: =TRUE() -> TRUE | H6: =TRUE() -> TRUE | I6: =IF(AND(G6,H6),"PASS_TO_PASS",IF(G6,"PASS_TO_FAIL",IF(H6,"FAIL_TO_PASS","FAIL_TO_FAIL"))) -> PASS_TO_PASS
A7: corrected_vs_prg | B7: PRG | C7: G1 corrected | D7: box001_20231003_2_041_p1 | E7: box001 | F7: contact | G7: =TRUE() -> TRUE | H7: =TRUE() -> TRUE | I7: =IF(AND(G7,H7),"PASS_TO_PASS",IF(G7,"PASS_TO_FAIL",IF(H7,"FAIL_TO_PASS","FAIL_TO_FAIL"))) -> PASS_TO_PASS
A8: corrected_vs_prg | B8: PRG | C8: G1 corrected | D8: box001_20231003_2_041_p1 | E8: box001 | F8: release | G8: =TRUE() -> TRUE | H8: =TRUE() -> TRUE | I8: =IF(AND(G8,H8),"PASS_TO_PASS",IF(G8,"PASS_TO_FAIL",IF(H8,"FAIL_TO_PASS","FAIL_TO_FAIL"))) -> PASS_TO_PASS
A9: corrected_vs_prg | B9: PRG | C9: G1 corrected | D9: box001_20231003_2_041_p1 | E9: box001 | F9: hand_penetration | G9: =TRUE() -> TRUE | H9: =TRUE() -> TRUE | I9: =IF(AND(G9,H9),"PASS_TO_PASS",IF(G9,"PASS_TO_FAIL",IF(H9,"FAIL_TO_PASS","FAIL_TO_FAIL"))) -> PASS_TO_PASS
A10: corrected_vs_prg | B10: PRG | C10: G1 corrected | D10: box001_20231003_2_041_p1 | E10: box001 | F10: lower_body | G10: =TRUE() -> TRUE | H10: =TRUE() -> TRUE | I10: =IF(AND(G10,H10),"PASS_TO_PASS",IF(G10,"PASS_TO_FAIL",IF(H10,"FAIL_TO_PASS","FAIL_TO_FAIL"))) -> PASS_TO_PASS
A11: corrected_vs_prg | B11: PRG | C11: G1 corrected | D11: box001_20231003_2_041_p1 | E11: box001 | F11: root_pos | G11: =TRUE() -> TRUE | H11: =TRUE() -> TRUE | I11: =IF(AND(G11,H11),"PASS_TO_PASS",IF(G11,"PASS_TO_FAIL",IF(H11,"FAIL_TO_PASS","FAIL_TO_FAIL"))) -> PASS_TO_PASS
A12: corrected_vs_prg | B12: PRG | C12: G1 corrected | D12: box001_20231003_2_041_p1 | E12: box001 | F12: root_ori | G12: =TRUE() -> TRUE | H12: =TRUE() -> TRUE | I12: =IF(AND(G12,H12),"PASS_TO_PASS",IF(G12,"PASS_TO_FAIL",IF(H12,"FAIL_TO_PASS","FAIL_TO_FAIL"))) -> PASS_TO_PASS
A13: corrected_vs_prg | B13: PRG | C13: G1 corrected | D13: box001_20231003_2_041_p1 | E13: box001 | F13: hand_pos | G13: =TRUE() -> TRUE | H13: =TRUE() -> TRUE | I13: =IF(AND(G13,H13),"PASS_TO_PASS",IF(G13,"PASS_TO_FAIL",IF(H13,"FAIL_TO_PASS","FAIL_TO_FAIL"))) -> PASS_TO_PASS
A14: corrected_vs_prg | B14: PRG | C14: G1 corrected | D14: box001_20231003_2_041_p1 | E14: box001 | F14: hand_ori | G14: =FALSE() -> FALSE | H14: =TRUE() -> TRUE | I14: =IF(AND(G14,H14),"PASS_TO_PASS",IF(G14,"PASS_TO_FAIL",IF(H14,"FAIL_TO_PASS","FAIL_TO_FAIL"))) -> FAIL_TO_PASS
A15: corrected_vs_prg | B15: PRG | C15: G1 corrected | D15: box001_20231003_2_041_p1 | E15: box001 | F15: object_pos | G15: =TRUE() -> TRUE | H15: =TRUE() -> TRUE | I15: =IF(AND(G15,H15),"PASS_TO_PASS",IF(G15,"PASS_TO_FAIL",IF(H15,"FAIL_TO_PASS","FAIL_TO_FAIL"))) -> PASS_TO_PASS
A16: corrected_vs_prg | B16: PRG | C16: G1 corrected | D16: box001_20231003_2_041_p1 | E16: box001 | F16: object_ori | G16: =TRUE() -> TRUE | H16: =TRUE() -> TRUE | I16: =IF(AND(G16,H16),"PASS_TO_PASS",IF(G16,"PASS_TO_FAIL",IF(H16,"FAIL_TO_PASS","FAIL_TO_FAIL"))) -> PASS_TO_PASS
A17: corrected_vs_contaminated_g1 | B17: G1 contaminated | C17: G1 corrected | D17: box001_20231003_2_041_p1 | E17: box001 | F17: fall | G17: =TRUE() -> TRUE | H17: =TRUE() -> TRUE | I17: =IF(AND(G17,H17),"PASS_TO_PASS",IF(G17,"PASS_TO_FAIL",IF(H17,"FAIL_TO_PASS","FAIL_TO_FAIL"))) -> PASS_TO_PASS
A18: corrected_vs_contaminated_g1 | B18: G1 contaminated | C18: G1 corrected | D18: box001_20231003_2_041_p1 | E18: box001 | F18: body_z | G18: =TRUE() -> TRUE | H18: =TRUE() -> TRUE | I18: =IF(AND(G18,H18),"PASS_TO_PASS",IF(G18,"PASS_TO_FAIL",IF(H18,"FAIL_TO_PASS","FAIL_TO_FAIL"))) -> PASS_TO_PASS
A19: corrected_vs_contaminated_g1 | B19: G1 contaminated | C19: G1 corrected | D19: box001_20231003_2_041_p1 | E19: box001 | F19: contact | G19: =TRUE() -> TRUE | H19: =TRUE() -> TRUE | I19: =IF(AND(G19,H19),"PASS_TO_PASS",IF(G19,"PASS_TO_FAIL",IF(H19,"FAIL_TO_PASS","FAIL_TO_FAIL"))) -> PASS_TO_PASS
A20: corrected_vs_contaminated_g1 | B20: G1 contaminated | C20: G1 corrected | D20: box001_20231003_2_041_p1 | E20: box001 | F20: release | G20: =TRUE() -> TRUE | H20: =TRUE() -> TRUE | I20: =IF(AND(G20,H20),"PASS_TO_PASS",IF(G20,"PASS_TO_FAIL",IF(H20,"FAIL_TO_PASS","FAIL_TO_FAIL"))) -> PASS_TO_PASS
A21: corrected_vs_contaminated_g1 | B21: G1 contaminated | C21: G1 corrected | D21: box001_20231003_2_041_p1 | E21: box001 | F21: hand_penetration | G21: =TRUE() -> TRUE | H21: =TRUE() -> TRUE | I21: =IF(AND(G21,H21),"PASS_TO_PASS",IF(G21,"PASS_TO_FAIL",IF(H21,"FAIL_TO_PASS","FAIL_TO_FAIL"))) -> PASS_TO_PASS
A22: corrected_vs_contaminated_g1 | B22: G1 contaminated | C22: G1 corrected | D22: box001_20231003_2_041_p1 | E22: box001 | F22: lower_body | G22: =TRUE() -> TRUE | H22: =TRUE() -> TRUE | I22: =IF(AND(G22,H22),"PASS_TO_PASS",IF(G22,"PASS_TO_FAIL",IF(H22,"FAIL_TO_PASS","FAIL_TO_FAIL"))) -> PASS_TO_PASS
A23: corrected_vs_contaminated_g1 | B23: G1 contaminated | C23: G1 corrected | D23: box001_20231003_2_041_p1 | E23: box001 | F23: root_pos | G23: =TRUE() -> TRUE | H23: =TRUE() -> TRUE | I23: =IF(AND(G23,H23),"PASS_TO_PASS",IF(G23,"PASS_TO_FAIL",IF(H23,"FAIL_TO_PASS","FAIL_TO_FAIL"))) -> PASS_TO_PASS
A24: corrected_vs_contaminated_g1 | B24: G1 contaminated | C24: G1 corrected | D24: box001_20231003_2_041_p1 | E24: box001 | F24: root_ori | G24: =TRUE() -> TRUE | H24: =TRUE() -> TRUE | I24: =IF(AND(G24,H24),"PASS_TO_PASS",IF(G24,"PASS_TO_FAIL",IF(H24,"FAIL_TO_PASS","FAIL_TO_FAIL"))) -> PASS_TO_PASS
A25: corrected_vs_contaminated_g1 | B25: G1 contaminated | C25: G1 corrected | D25: box001_20231003_2_041_p1 | E25: box001 | F25: hand_pos | G25: =TRUE() -> TRUE | H25: =TRUE() -> TRUE | I25: =IF(AND(G25,H25),"PASS_TO_PASS",IF(G25,"PASS_TO_FAIL",IF(H25,"FAIL_TO_PASS","FAIL_TO_FAIL"))) -> PASS_TO_PASS
A26: corrected_vs_contaminated_g1 | B26: G1 contaminated | C26: G1 corrected | D26: box001_20231003_2_041_p1 | E26: box001 | F26: hand_ori | G26: =FALSE() -> FALSE | H26: =TRUE() -> TRUE | I26: =IF(AND(G26,H26),"PASS_TO_PASS",IF(G26,"PASS_TO_FAIL",IF(H26,"FAIL_TO_PASS","FAIL_TO_FAIL"))) -> FAIL_TO_PASS
A27: corrected_vs_contaminated_g1 | B27: G1 contaminated | C27: G1 corrected | D27: box001_20231003_2_041_p1 | E27: box001 | F27: object_pos | G27: =TRUE() -> TRUE | H27: =TRUE() -> TRUE | I27: =IF(AND(G27,H27),"PASS_TO_PASS",IF(G27,"PASS_TO_FAIL",IF(H27,"FAIL_TO_PASS","FAIL_TO_FAIL"))) -> PASS_TO_PASS
A28: corrected_vs_contaminated_g1 | B28: G1 contaminated | C28: G1 corrected | D28: box001_20231003_2_041_p1 | E28: box001 | F28: object_ori | G28: =FALSE() -> FALSE | H28: =TRUE() -> TRUE | I28: =IF(AND(G28,H28),"PASS_TO_PASS",IF(G28,"PASS_TO_FAIL",IF(H28,"FAIL_TO_PASS","FAIL_TO_FAIL"))) -> FAIL_TO_PASS
A29: corrected_vs_prg | B29: PRG | C29: G1 corrected | D29: box001_20231003_1_039_p1 | E29: box001 | F29: fall | G29: =TRUE() -> TRUE | H29: =TRUE() -> TRUE | I29: =IF(AND(G29,H29),"PASS_TO_PASS",IF(G29,"PASS_TO_FAIL",IF(H29,"FAIL_TO_PASS","FAIL_TO_FAIL"))) -> PASS_TO_PASS
A30: corrected_vs_prg | B30: PRG | C30: G1 corrected | D30: box001_20231003_1_039_p1 | E30: box001 | F30: body_z | G30: =TRUE() -> TRUE | H30: =TRUE() -> TRUE | I30: =IF(AND(G30,H30),"PASS_TO_PASS",IF(G30,"PASS_TO_FAIL",IF(H30,"FAIL_TO_PASS","FAIL_TO_FAIL"))) -> PASS_TO_PASS
A31: corrected_vs_prg | B31: PRG | C31: G1 corrected | D31: box001_20231003_1_039_p1 | E31: box001 | F31: contact | G31: =TRUE() -> TRUE | H31: =TRUE() -> TRUE | I31: =IF(AND(G31,H31),"PASS_TO_PASS",IF(G31,"PASS_TO_FAIL",IF(H31,"FAIL_TO_PASS","FAIL_TO_FAIL"))) -> PASS_TO_PASS
A32: corrected_vs_prg | B32: PRG | C32: G1 corrected | D32: box001_20231003_1_039_p1 | E32: box001 | F32: release | G32: =TRUE() -> TRUE | H32: =TRUE() -> TRUE | I32: =IF(AND(G32,H32),"PASS_TO_PASS",IF(G32,"PASS_TO_FAIL",IF(H32,"FAIL_TO_PASS","FAIL_TO_FAIL"))) -> PASS_TO_PASS
A33: corrected_vs_prg | B33: PRG | C33: G1 corrected | D33: box001_20231003_1_039_p1 | E33: box001 | F33: hand_penetration | G33: =TRUE() -> TRUE | H33: =TRUE() -> TRUE | I33: =IF(AND(G33,H33),"PASS_TO_PASS",IF(G33,"PASS_TO_FAIL",IF(H33,"FAIL_TO_PASS","FAIL_TO_FAIL"))) -> PASS_TO_PASS
A34: corrected_vs_prg | B34: PRG | C34: G1 corrected | D34: box001_20231003_1_039_p1 | E34: box001 | F34: lower_body | G34: =TRUE() -> TRUE | H34: =TRUE() -> TRUE | I34: =IF(AND(G34,H34),"PASS_TO_PASS",IF(G34,"PASS_TO_FAIL",IF(H34,"FAIL_TO_PASS","FAIL_TO_FAIL"))) -> PASS_TO_PASS
A35: corrected_vs_prg | B35: PRG | C35: G1 corrected | D35: box001_20231003_1_039_p1 | E35: box001 | F35: root_pos | G35: =TRUE() -> TRUE | H35: =TRUE() -> TRUE | I35: =IF(AND(G35,H35),"PASS_TO_PASS",IF(G35,"PASS_TO_FAIL",IF(H35,"FAIL_TO_PASS","FAIL_TO_FAIL"))) -> PASS_TO_PASS
A36: corrected_vs_prg | B36: PRG | C36: G1 corrected | D36: box001_20231003_1_039_p1 | E36: box001 | F36: root_ori | G36: =TRUE() -> TRUE | H36: =TRUE() -> TRUE | I36: =IF(AND(G36,H36),"PASS_TO_PASS",IF(G36,"PASS_TO_FAIL",IF(H36,"FAIL_TO_PASS","FAIL_TO_FAIL"))) -> PASS_TO_PASS
A37: corrected_vs_prg | B37: PRG | C37: G1 corrected | D37: box001_20231003_1_039_p1 | E37: box001 | F37: hand_pos | G37: =TRUE() -> TRUE | H37: =TRUE() -> TRUE | I37: =IF(AND(G37,H37),"PASS_TO_PASS",IF(G37,"PASS_TO_FAIL",IF(H37,"FAIL_TO_PASS","FAIL_TO_FAIL"))) -> PASS_TO_PASS
A38: corrected_vs_prg | B38: PRG | C38: G1 corrected | D38: box001_20231003_1_039_p1 | E38: box001 | F38: hand_ori | G38: =TRUE() -> TRUE | H38: =TRUE() -> TRUE | I38: =IF(AND(G38,H38),"PASS_TO_PASS",IF(G38,"PASS_TO_FAIL",IF(H38,"FAIL_TO_PASS","FAIL_TO_FAIL"))) -> PASS_TO_PASS
A39: corrected_vs_prg | B39: PRG | C39: G1 corrected | D39: box001_20231003_1_039_p1 | E39: box001 | F39: object_pos | G39: =TRUE() -> TRUE | H39: =TRUE() -> TRUE | I39: =IF(AND(G39,H39),"PASS_TO_PASS",IF(G39,"PASS_TO_FAIL",IF(H39,"FAIL_TO_PASS","FAIL_TO_FAIL"))) -> PASS_TO_PASS
A40: corrected_vs_prg | B40: PRG | C40: G1 corrected | D40: box001_20231003_1_039_p1 | E40: box001 | F40: object_ori | G40: =TRUE() -> TRUE | H40: =TRUE() -> TRUE | I40: =IF(AND(G40,H40),"PASS_TO_PASS",IF(G40,"PASS_TO_FAIL",IF(H40,"FAIL_TO_PASS","FAIL_TO_FAIL"))) -> PASS_TO_PASS
... A43: corrected_vs_contaminated_g1 | B43: G1 contaminated | C43: G1 corrected | D43: box001_20231003_1_039_p1 | E43: box001 | F43: contact | G43: =TRUE() -> TRUE | H43: =TRUE() -> TRUE | I43: =IF(AND(G43,H43),"PASS_TO_PASS",IF(G43,"PASS_TO_FAIL",IF(H43,"FAIL_TO_PASS","FAIL_TO_FAIL"))) -> PASS_TO_PASS
A44: corrected_vs_contaminated_g1 | B44: G1 contaminated | C44: G1 corrected | D44: box001_20231003_1_039_p1 | E44: box001 | F44: release | G44: =FALSE() -> FALSE | H44: =TRUE() -> TRUE | I44: =IF(AND(G44,H44),"PASS_TO_PASS",IF(G44,"PASS_TO_FAIL",IF(H44,"FAIL_TO_PASS","FAIL_TO_FAIL"))) -> FAIL_TO_PASS
A45: corrected_vs_contaminated_g1 | B45: G1 contaminated | C45: G1 corrected | D45: box001_20231003_1_039_p1 | E45: box001 | F45: hand_penetration | G45: =TRUE() -> TRUE | H45: =TRUE() -> TRUE | I45: =IF(AND(G45,H45),"PASS_TO_PASS",IF(G45,"PASS_TO_FAIL",IF(H45,"FAIL_TO_PASS","FAIL_TO_FAIL"))) -> PASS_TO_PASS
A46: corrected_vs_contaminated_g1 | B46: G1 contaminated | C46: G1 corrected | D46: box001_20231003_1_039_p1 | E46: box001 | F46: lower_body | G46: =TRUE() -> TRUE | H46: =TRUE() -> TRUE | I46: =IF(AND(G46,H46),"PASS_TO_PASS",IF(G46,"PASS_TO_FAIL",IF(H46,"FAIL_TO_PASS","FAIL_TO_FAIL"))) -> PASS_TO_PASS
A47: corrected_vs_contaminated_g1 | B47: G1 contaminated | C47: G1 corrected | D47: box001_20231003_1_039_p1 | E47: box001 | F47: root_pos | G47: =TRUE() -> TRUE | H47: =TRUE() -> TRUE | I47: =IF(AND(G47,H47),"PASS_TO_PASS",IF(G47,"PASS_TO_FAIL",IF(H47,"FAIL_TO_PASS","FAIL_TO_FAIL"))) -> PASS_TO_PASS
A48: corrected_vs_contaminated_g1 | B48: G1 contaminated | C48: G1 corrected | D48: box001_20231003_1_039_p1 | E48: box001 | F48: root_ori | G48: =TRUE() -> TRUE | H48: =TRUE() -> TRUE | I48: =IF(AND(G48,H48),"PASS_TO_PASS",IF(G48,"PASS_TO_FAIL",IF(H48,"FAIL_TO_PASS","FAIL_TO_FAIL"))) -> PASS_TO_PASS
A49: corrected_vs_contaminated_g1 | B49: G1 contaminated | C49: G1 corrected | D49: box001_20231003_1_039_p1 | E49: box001 | F49: hand_pos | G49: =TRUE() -> TRUE | H49: =TRUE() -> TRUE | I49: =IF(AND(G49,H49),"PASS_TO_PASS",IF(G49,"PASS_TO_FAIL",IF(H49,"FAIL_TO_PASS","FAIL_TO_FAIL"))) -> PASS_TO_PASS
A50: corrected_vs_contaminated_g1 | B50: G1 contaminated | C50: G1 corrected | D50: box001_20231003_1_039_p1 | E50: box001 | F50: hand_ori | G50: =TRUE() -> TRUE | H50: =TRUE() -> TRUE | I50: =IF(AND(G50,H50),"PASS_TO_PASS",IF(G50,"PASS_TO_FAIL",IF(H50,"FAIL_TO_PASS","FAIL_TO_FAIL"))) -> PASS_TO_PASS
A51: corrected_vs_contaminated_g1 | B51: G1 contaminated | C51: G1 corrected | D51: box001_20231003_1_039_p1 | E51: box001 | F51: object_pos | G51: =TRUE() -> TRUE | H51: =TRUE() -> TRUE | I51: =IF(AND(G51,H51),"PASS_TO_PASS",IF(G51,"PASS_TO_FAIL",IF(H51,"FAIL_TO_PASS","FAIL_TO_FAIL"))) -> PASS_TO_PASS
A52: corrected_vs_contaminated_g1 | B52: G1 contaminated | C52: G1 corrected | D52: box001_20231003_1_039_p1 | E52: box001 | F52: object_ori | G52: =TRUE() -> TRUE | H52: =TRUE() -> TRUE | I52: =IF(AND(G52,H52),"PASS_TO_PASS",IF(G52,"PASS_TO_FAIL",IF(H52,"FAIL_TO_PASS","FAIL_TO_FAIL"))) -> PASS_TO_PASS
A53: corrected_vs_prg | B53: PRG | C53: G1 corrected | D53: box001_20231003_1_041_p1 | E53: box001 | F53: fall | G53: =TRUE() -> TRUE | H53: =TRUE() -> TRUE | I53: =IF(AND(G53,H53),"PASS_TO_PASS",IF(G53,"PASS_TO_FAIL",IF(H53,"FAIL_TO_PASS","FAIL_TO_FAIL"))) -> PASS_TO_PASS
A54: corrected_vs_prg | B54: PRG | C54: G1 corrected | D54: box001_20231003_1_041_p1 | E54: box001 | F54: body_z | G54: =TRUE() -> TRUE | H54: =TRUE() -> TRUE | I54: =IF(AND(G54,H54),"PASS_TO_PASS",IF(G54,"PASS_TO_FAIL",IF(H54,"FAIL_TO_PASS","FAIL_TO_FAIL"))) -> PASS_TO_PASS
A55: corrected_vs_prg | B55: PRG | C55: G1 corrected | D55: box001_20231003_1_041_p1 | E55: box001 | F55: contact | G55: =TRUE() -> TRUE | H55: =TRUE() -> TRUE | I55: =IF(AND(G55,H55),"PASS_TO_PASS",IF(G55,"PASS_TO_FAIL",IF(H55,"FAIL_TO_PASS","FAIL_TO_FAIL"))) -> PASS_TO_PASS
A56: corrected_vs_prg | B56: PRG | C56: G1 corrected | D56: box001_20231003_1_041_p1 | E56: box001 | F56: release | G56: =TRUE() -> TRUE | H56: =TRUE() -> TRUE | I56: =IF(AND(G56,H56),"PASS_TO_PASS",IF(G56,"PASS_TO_FAIL",IF(H56,"FAIL_TO_PASS","FAIL_TO_FAIL"))) -> PASS_TO_PASS
A57: corrected_vs_prg | B57: PRG | C57: G1 corrected | D57: box001_20231003_1_041_p1 | E57: box001 | F57: hand_penetration | G57: =FALSE() -> FALSE | H57: =FALSE() -> FALSE | I57: =IF(AND(G57,H57),"PASS_TO_PASS",IF(G57,"PASS_TO_FAIL",IF(H57,"FAIL_TO_PASS","FAIL_TO_FAIL"))) -> FAIL_TO_FAIL
A58: corrected_vs_prg | B58: PRG | C58: G1 corrected | D58: box001_20231003_1_041_p1 | E58: box001 | F58: lower_body | G58: =TRUE() -> TRUE | H58: =TRUE() -> TRUE | I58: =IF(AND(G58,H58),"PASS_TO_PASS",IF(G58,"PASS_TO_FAIL",IF(H58,"FAIL_TO_PASS","FAIL_TO_FAIL"))) -> PASS_TO_PASS
A59: corrected_vs_prg | B59: PRG | C59: G1 corrected | D59: box001_20231003_1_041_p1 | E59: box001 | F59: root_pos | G59: =TRUE() -> TRUE | H59: =FALSE() -> FALSE | I59: =IF(AND(G59,H59),"PASS_TO_PASS",IF(G59,"PASS_TO_FAIL",IF(H59,"FAIL_TO_PASS","FAIL_TO_FAIL"))) -> PASS_TO_FAIL
A60: corrected_vs_prg | B60: PRG | C60: G1 corrected | D60: box001_20231003_1_041_p1 | E60: box001 | F60: root_ori | G60: =TRUE() -> TRUE | H60: =TRUE() -> TRUE | I60: =IF(AND(G60,H60),"PASS_TO_PASS",IF(G60,"PASS_TO_FAIL",IF(H60,"FAIL_TO_PASS","FAIL_TO_FAIL"))) -> PASS_TO_PASS
A61: corrected_vs_prg | B61: PRG | C61: G1 corrected | D61: box001_20231003_1_041_p1 | E61: box001 | F61: hand_pos | G61: =TRUE() -> TRUE | H61: =TRUE() -> TRUE | I61: =IF(AND(G61,H61),"PASS_TO_PASS",IF(G61,"PASS_TO_FAIL",IF(H61,"FAIL_TO_PASS","FAIL_TO_FAIL"))) -> PASS_TO_PASS
A62: corrected_vs_prg | B62: PRG | C62: G1 corrected | D62: box001_20231003_1_041_p1 | E62: box001 | F62: hand_ori | G62: =TRUE() -> TRUE | H62: =TRUE() -> TRUE | I62: =IF(AND(G62,H62),"PASS_TO_PASS",IF(G62,"PASS_TO_FAIL",IF(H62,"FAIL_TO_PASS","FAIL_TO_FAIL"))) -> PASS_TO_PASS
A63: corrected_vs_prg | B63: PRG | C63: G1 corrected | D63: box001_20231003_1_041_p1 | E63: box001 | F63: object_pos | G63: =TRUE() -> TRUE | H63: =TRUE() -> TRUE | I63: =IF(AND(G63,H63),"PASS_TO_PASS",IF(G63,"PASS_TO_FAIL",IF(H63,"FAIL_TO_PASS","FAIL_TO_FAIL"))) -> PASS_TO_PASS
A64: corrected_vs_prg | B64: PRG | C64: G1 corrected | D64: box001_20231003_1_041_p1 | E64: box001 | F64: object_ori | G64: =TRUE() -> TRUE | H64: =TRUE() -> TRUE | I64: =IF(AND(G64,H64),"PASS_TO_PASS",IF(G64,"PASS_TO_FAIL",IF(H64,"FAIL_TO_PASS","FAIL_TO_FAIL"))) -> PASS_TO_PASS
A65: corrected_vs_contaminated_g1 | B65: G1 contaminated | C65: G1 corrected | D65: box001_20231003_1_041_p1 | E65: box001 | F65: fall | G65: =TRUE() -> TRUE | H65: =TRUE() -> TRUE | I65: =IF(AND(G65,H65),"PASS_TO_PASS",IF(G65,"PASS_TO_FAIL",IF(H65,"FAIL_TO_PASS","FAIL_TO_FAIL"))) -> PASS_TO_PASS
A66: corrected_vs_contaminated_g1 | B66: G1 contaminated | C66: G1 corrected | D66: box001_20231003_1_041_p1 | E66: box001 | F66: body_z | G66: =TRUE() -> TRUE | H66: =TRUE() -> TRUE | I66: =IF(AND(G66,H66),"PASS_TO_PASS",IF(G66,"PASS_TO_FAIL",IF(H66,"FAIL_TO_PASS","FAIL_TO_FAIL"))) -> PASS_TO_PASS
A67: corrected_vs_contaminated_g1 | B67: G1 contaminated | C67: G1 corrected | D67: box001_20231003_1_041_p1 | E67: box001 | F67: contact | G67: =TRUE() -> TRUE | H67: =TRUE() -> TRUE | I67: =IF(AND(G67,H67),"PASS_TO_PASS",IF(G67,"PASS_TO_FAIL",IF(H67,"FAIL_TO_PASS","FAIL_TO_FAIL"))) -> PASS_TO_PASS
A68: corrected_vs_contaminated_g1 | B68: G1 contaminated | C68: G1 corrected | D68: box001_20231003_1_041_p1 | E68: box001 | F68: release | G68: =TRUE() -> TRUE | H68: =TRUE() -> TRUE | I68: =IF(AND(G68,H68),"PASS_TO_PASS",IF(G68,"PASS_TO_FAIL",IF(H68,"FAIL_TO_PASS","FAIL_TO_FAIL"))) -> PASS_TO_PASS
A69: corrected_vs_contaminated_g1 | B69: G1 contaminated | C69: G1 corrected | D69: box001_20231003_1_041_p1 | E69: box001 | F69: hand_penetration | G69: =TRUE() -> TRUE | H69: =FALSE() -> FALSE | I69: =IF(AND(G69,H69),"PASS_TO_PASS",IF(G69,"PASS_TO_FAIL",IF(H69,"FAIL_TO_PASS","FAIL_TO_FAIL"))) -> PASS_TO_FAIL
A70: corrected_vs_contaminated_g1 | B70: G1 contaminated | C70: G1 corrected | D70: box001_20231003_1_041_p1 | E70: box001 | F70: lower_body | G70: =TRUE() -> TRUE | H70: =TRUE() -> TRUE | I70: =IF(AND(G70,H70),"PASS_TO_PASS",IF(G70,"PASS_TO_FAIL",IF(H70,"FAIL_TO_PASS","FAIL_TO_FAIL"))) -> PASS_TO_PASS
A71: corrected_vs_contaminated_g1 | B71: G1 contaminated | C71: G1 corrected | D71: box001_20231003_1_041_p1 | E71: box001 | F71: root_pos | G71: =TRUE() -> TRUE | H71: =FALSE() -> FALSE | I71: =IF(AND(G71,H71),"PASS_TO_PASS",IF(G71,"PASS_TO_FAIL",IF(H71,"FAIL_TO_PASS","FAIL_TO_FAIL"))) -> PASS_TO_FAIL
A72: corrected_vs_contaminated_g1 | B72: G1 contaminated | C72: G1 corrected | D72: box001_20231003_1_041_p1 | E72: box001 | F72: root_ori | G72: =TRUE() -> TRUE | H72: =TRUE() -> TRUE | I72: =IF(AND(G72,H72),"PASS_TO_PASS",IF(G72,"PASS_TO_FAIL",IF(H72,"FAIL_TO_PASS","FAIL_TO_FAIL"))) -> PASS_TO_PASS
A73: corrected_vs_contaminated_g1 | B73: G1 contaminated | C73: G1 corrected | D73: box001_20231003_1_041_p1 | E73: box001 | F73: hand_pos | G73: =TRUE() -> TRUE | H73: =TRUE() -> TRUE | I73: =IF(AND(G73,H73),"PASS_TO_PASS",IF(G73,"PASS_TO_FAIL",IF(H73,"FAIL_TO_PASS","FAIL_TO_FAIL"))) -> PASS_TO_PASS
A74: corrected_vs_contaminated_g1 | B74: G1 contaminated | C74: G1 corrected | D74: box001_20231003_1_041_p1 | E74: box001 | F74: hand_ori | G74: =TRUE() -> TRUE | H74: =TRUE() -> TRUE | I74: =IF(AND(G74,H74),"PASS_TO_PASS",IF(G74,"PASS_TO_FAIL",IF(H74,"FAIL_TO_PASS","FAIL_TO_FAIL"))) -> PASS_TO_PASS
A75: corrected_vs_contaminated_g1 | B75: G1 contaminated | C75: G1 corrected | D75: box001_20231003_1_041_p1 | E75: box001 | F75: object_pos | G75: =TRUE() -> TRUE | H75: =TRUE() -> TRUE | I75: =IF(AND(G75,H75),"PASS_TO_PASS",IF(G75,"PASS_TO_FAIL",IF(H75,"FAIL_TO_PASS","FAIL_TO_FAIL"))) -> PASS_TO_PASS
A76: corrected_vs_contaminated_g1 | B76: G1 contaminated | C76: G1 corrected | D76: box001_20231003_1_041_p1 | E76: box001 | F76: object_ori | G76: =TRUE() -> TRUE | H76: =TRUE() -> TRUE | I76: =IF(AND(G76,H76),"PASS_TO_PASS",IF(G76,"PASS_TO_FAIL",IF(H76,"FAIL_TO_PASS","FAIL_TO_FAIL"))) -> PASS_TO_PASS
A77: corrected_vs_prg | B77: PRG | C77: G1 corrected | D77: box001_20231003_2_037_p1 | E77: box001 | F77: fall | G77: =TRUE() -> TRUE | H77: =TRUE() -> TRUE | I77: =IF(AND(G77,H77),"PASS_TO_PASS",IF(G77,"PASS_TO_FAIL",IF(H77,"FAIL_TO_PASS","FAIL_TO_FAIL"))) -> PASS_TO_PASS
A78: corrected_vs_prg | B78: PRG | C78: G1 corrected | D78: box001_20231003_2_037_p1 | E78: box001 | F78: body_z | G78: =TRUE() -> TRUE | H78: =TRUE() -> TRUE | I78: =IF(AND(G78,H78),"PASS_TO_PASS",IF(G78,"PASS_TO_FAIL",IF(H78,"FAIL_TO_PASS","FAIL_TO_FAIL"))) -> PASS_TO_PASS
A79: corrected_vs_prg | B79: PRG | C79: G1 corrected | D79: box001_20231003_2_037_p1 | E79: box001 | F79: contact | G79: =TRUE() -> TRUE | H79: =TRUE() -> TRUE | I79: =IF(AND(G79,H79),"PASS_TO_PASS",IF(G79,"PASS_TO_FAIL",IF(H79,"FAIL_TO_PASS","FAIL_TO_FAIL"))) -> PASS_TO_PASS
A80: corrected_vs_prg | B80: PRG | C80: G1 corrected | D80: box001_20231003_2_037_p1 | E80: box001 | F80: release | G80: =TRUE() -> TRUE | H80: =TRUE() -> TRUE | I80: =IF(AND(G80,H80),"PASS_TO_PASS",IF(G80,"PASS_TO_FAIL",IF(H80,"FAIL_TO_PASS","FAIL_TO_FAIL"))) -> PASS_TO_PASS
A81: corrected_vs_prg | B81: PRG | C81: G1 corrected | D81: box001_20231003_2_037_p1 | E81: box001 | F81: hand_penetration | G81: =FALSE() -> FALSE | H81: =FALSE() -> FALSE | I81: =IF(AND(G81,H81),"PASS_TO_PASS",IF(G81,"PASS_TO_FAIL",IF(H81,"FAIL_TO_PASS","FAIL_TO_FAIL"))) -> FAIL_TO_FAIL
A82: corrected_vs_prg | B82: PRG | C82: G1 corrected | D82: box001_20231003_2_037_p1 | E82: box001 | F82: lower_body | G82: =TRUE() -> TRUE | H82: =TRUE() -> TRUE | I82: =IF(AND(G82,H82),"PASS_TO_PASS",IF(G82,"PASS_TO_FAIL",IF(H82,"FAIL_TO_PASS","FAIL_TO_FAIL"))) -> PASS_TO_PASS
A83: corrected_vs_prg | B83: PRG | C83: G1 corrected | D83: box001_20231003_2_037_p1 | E83: box001 | F83: root_pos | G83: =TRUE() -> TRUE | H83: =TRUE() -> TRUE | I83: =IF(AND(G83,H83),"PASS_TO_PASS",IF(G83,"PASS_TO_FAIL",IF(H83,"FAIL_TO_PASS","FAIL_TO_FAIL"))) -> PASS_TO_PASS
A84: corrected_vs_prg | B84: PRG | C84: G1 corrected | D84: box001_20231003_2_037_p1 | E84: box001 | F84: root_ori | G84: =TRUE() -> TRUE | H84: =TRUE() -> TRUE | I84: =IF(AND(G84,H84),"PASS_TO_PASS",IF(G84,"PASS_TO_FAIL",IF(H84,"FAIL_TO_PASS","FAIL_TO_FAIL"))) -> PASS_TO_PASS
A85: corrected_vs_prg | B85: PRG | C85: G1 corrected | D85: box001_20231003_2_037_p1 | E85: box001 | F85: hand_pos | G85: =TRUE() -> TRUE | H85: =TRUE() -> TRUE | I85: =IF(AND(G85,H85),"PASS_TO_PASS",IF(G85,"PASS_TO_FAIL",IF(H85,"FAIL_TO_PASS","FAIL_TO_FAIL"))) -> PASS_TO_PASS
A86: corrected_vs_prg | B86: PRG | C86: G1 corrected | D86: box001_20231003_2_037_p1 | E86: box001 | F86: hand_ori | G86: =TRUE() -> TRUE | H86: =TRUE() -> TRUE | I86: =IF(AND(G86,H86),"PASS_TO_PASS",IF(G86,"PASS_TO_FAIL",IF(H86,"FAIL_TO_PASS","FAIL_TO_FAIL"))) -> PASS_TO_PASS
A87: corrected_vs_prg | B87: PRG | C87: G1 corrected | D87: box001_20231003_2_037_p1 | E87: box001 | F87: object_pos | G87: =TRUE() -> TRUE | H87: =TRUE() -> TRUE | I87: =IF(AND(G87,H87),"PASS_TO_PASS",IF(G87,"PASS_TO_FAIL",IF(H87,"FAIL_TO_PASS","FAIL_TO_FAIL"))) -> PASS_TO_PASS
A88: corrected_vs_prg | B88: PRG | C88: G1 corrected | D88: box001_20231003_2_037_p1 | E88: box001 | F88: object_ori | G88: =TRUE() -> TRUE | H88: =TRUE() -> TRUE | I88: =IF(AND(G88,H88),"PASS_TO_PASS",IF(G88,"PASS_TO_FAIL",IF(H88,"FAIL_TO_PASS","FAIL_TO_FAIL"))) -> PASS_TO_PASS
A89: corrected_vs_contaminated_g1 | B89: G1 contaminated | C89: G1 corrected | D89: box001_20231003_2_037_p1 | E89: box001 | F89: fall | G89: =TRUE() -> TRUE | H89: =TRUE() -> TRUE | I89: =IF(AND(G89,H89),"PASS_TO_PASS",IF(G89,"PASS_TO_FAIL",IF(H89,"FAIL_TO_PASS","FAIL_TO_FAIL"))) -> PASS_TO_PASS
A90: corrected_vs_contaminated_g1 | B90: G1 contaminated | C90: G1 corrected | D90: box001_20231003_2_037_p1 | E90: box001 | F90: body_z | G90: =TRUE() -> TRUE | H90: =TRUE() -> TRUE | I90: =IF(AND(G90,H90),"PASS_TO_PASS",IF(G90,"PASS_TO_FAIL",IF(H90,"FAIL_TO_PASS","FAIL_TO_FAIL"))) -> PASS_TO_PASS
A91: corrected_vs_contaminated_g1 | B91: G1 contaminated | C91: G1 corrected | D91: box001_20231003_2_037_p1 | E91: box001 | F91: contact | G91: =TRUE() -> TRUE | H91: =TRUE() -> TRUE | I91: =IF(AND(G91,H91),"PASS_TO_PASS",IF(G91,"PASS_TO_FAIL",IF(H91,"FAIL_TO_PASS","FAIL_TO_FAIL"))) -> PASS_TO_PASS
A92: corrected_vs_contaminated_g1 | B92: G1 contaminated | C92: G1 corrected | D92: box001_20231003_2_037_p1 | E92: box001 | F92: release | G92: =TRUE() -> TRUE | H92: =TRUE() -> TRUE | I92: =IF(AND(G92,H92),"PASS_TO_PASS",IF(G92,"PASS_TO_FAIL",IF(H92,"FAIL_TO_PASS","FAIL_TO_FAIL"))) -> PASS_TO_PASS
A93: corrected_vs_contaminated_g1 | B93: G1 contaminated | C93: G1 corrected | D93: box001_20231003_2_037_p1 | E93: box001 | F93: hand_penetration | G93: =TRUE() -> TRUE | H93: =FALSE() -> FALSE | I93: =IF(AND(G93,H93),"PASS_TO_PASS",IF(G93,"PASS_TO_FAIL",IF(H93,"FAIL_TO_PASS","FAIL_TO_FAIL"))) -> PASS_TO_FAIL
A94: corrected_vs_contaminated_g1 | B94: G1 contaminated | C94: G1 corrected | D94: box001_20231003_2_037_p1 | E94: box001 | F94: lower_body | G94: =TRUE() -> TRUE | H94: =TRUE() -> TRUE | I94: =IF(AND(G94,H94),"PASS_TO_PASS",IF(G94,"PASS_TO_FAIL",IF(H94,"FAIL_TO_PASS","FAIL_TO_FAIL"))) -> PASS_TO_PASS
A95: corrected_vs_contaminated_g1 | B95: G1 contaminated | C95: G1 corrected | D95: box001_20231003_2_037_p1 | E95: box001 | F95: root_pos | G95: =TRUE() -> TRUE | H95: =TRUE() -> TRUE | I95: =IF(AND(G95,H95),"PASS_TO_PASS",IF(G95,"PASS_TO_FAIL",IF(H95,"FAIL_TO_PASS","FAIL_TO_FAIL"))) -> PASS_TO_PASS
A96: corrected_vs_contaminated_g1 | B96: G1 contaminated | C96: G1 corrected | D96: box001_20231003_2_037_p1 | E96: box001 | F96: root_ori | G96: =TRUE() -> TRUE | H96: =TRUE() -> TRUE | I96: =IF(AND(G96,H96),"PASS_TO_PASS",IF(G96,"PASS_TO_FAIL",IF(H96,"FAIL_TO_PASS","FAIL_TO_FAIL"))) -> PASS_TO_PASS
A97: corrected_vs_contaminated_g1 | B97: G1 contaminated | C97: G1 corrected | D97: box001_20231003_2_037_p1 | E97: box001 | F97: hand_pos | G97: =TRUE() -> TRUE | H97: =TRUE() -> TRUE | I97: =IF(AND(G97,H97),"PASS_TO_PASS",IF(G97,"PASS_TO_FAIL",IF(H97,"FAIL_TO_PASS","FAIL_TO_FAIL"))) -> PASS_TO_PASS
A98: corrected_vs_contaminated_g1 | B98: G1 contaminated | C98: G1 corrected | D98: box001_20231003_2_037_p1 | E98: box001 | F98: hand_ori | G98: =TRUE() -> TRUE | H98: =TRUE() -> TRUE | I98: =IF(AND(G98,H98),"PASS_TO_PASS",IF(G98,"PASS_TO_FAIL",IF(H98,"FAIL_TO_PASS","FAIL_TO_FAIL"))) -> PASS_TO_PASS
A99: corrected_vs_contaminated_g1 | B99: G1 contaminated | C99: G1 corrected | D99: box001_20231003_2_037_p1 | E99: box001 | F99: object_pos | G99: =TRUE() -> TRUE | H99: =TRUE() -> TRUE | I99: =IF(AND(G99,H99),"PASS_TO_PASS",IF(G99,"PASS_TO_FAIL",IF(H99,"FAIL_TO_PASS","FAIL_TO_FAIL"))) -> PASS_TO_PASS
A100: corrected_vs_contaminated_g1 | B100: G1 contaminated | C100: G1 corrected | D100: box001_20231003_2_037_p1 | E100: box001 | F100: object_ori | G100: =TRUE() -> TRUE | H100: =TRUE() -> TRUE | I100: =IF(AND(G100,H100),"PASS_TO_PASS",IF(G100,"PASS_TO_FAIL",IF(H100,"FAIL_TO_PASS","FAIL_TO_FAIL"))) -> PASS_TO_PASS
A101: corrected_vs_prg | B101: PRG | C101: G1 corrected | D101: box001_20231003_2_039_p1 | E101: box001 | F101: fall | G101: =TRUE() -> TRUE | H101: =TRUE() -> TRUE | I101: =IF(AND(G101,H101),"PASS_TO_PASS",IF(G101,"PASS_TO_FAIL",IF(H101,"FAIL_TO_PASS","FAIL_TO_FAIL"))) -> PASS_TO_PASS
A102: corrected_vs_prg | B102: PRG | C102: G1 corrected | D102: box001_20231003_2_039_p1 | E102: box001 | F102: body_z | G102: =TRUE() -> TRUE | H102: =TRUE() -> TRUE | I102: =IF(AND(G102,H102),"PASS_TO_PASS",IF(G102,"PASS_TO_FAIL",IF(H102,"FAIL_TO_PASS","FAIL_TO_FAIL"))) -> PASS_TO_PASS
A103: corrected_vs_prg | B103: PRG | C103: G1 corrected | D103: box001_20231003_2_039_p1 | E103: box001 | F103: contact | G103: =TRUE() -> TRUE | H103: =TRUE() -> TRUE | I103: =IF(AND(G103,H103),"PASS_TO_PASS",IF(G103,"PASS_TO_FAIL",IF(H103,"FAIL_TO_PASS","FAIL_TO_FAIL"))) -> PASS_TO_PASS
...

Sheet Integrity Audit
A1: Reference-integrity audit
A2: Hardcoded source evidence; derived calculations are kept in formula-driven sheets.
A4: case_id | B4: object_key | C4: retarget_variant_id | D4: worker | E4: runtime_euler_convention | F4: xml_hinge_axis_sequence | G4: runtime_convention_matches_xml_axes | H4: current_meta_exists | I4: current_meta_euler_convention | J4: current_meta_matches_runtime | K4: cluster7 | L4: public_prg_to_g1_delta_deg | M4: public_g1_ori_err_deg_mean | N4: g1_vs_raw_ori_err_recomputed_deg_mean | O4: g1_vs_raw_ori_err_reproduction_abs_diff_deg | P4: runtime_target_vs_raw_pos_err_cm_mean | Q4: runtime_target_vs_raw_pos_err_cm_max | R4: axis_target_vs_raw_pos_err_cm_max | S4: g1_raw_minus_runtime_target_err_deg_mean | T4: frames | U4: runtime_log | V4: current_meta_path | W4: scene_xml | X4: trajectory | Y4: g1_rollout | Z4: runtime_target_vs_raw_ori_err_deg_mean | AA4: runtime_target_vs_raw_ori_err_deg_median | AB4: runtime_target_vs_raw_ori_err_deg_p95 | AC4: runtime_target_vs_raw_ori_err_deg_max | AD4: axis_target_vs_raw_ori_err_deg_mean | AE4: axis_target_vs_raw_ori_err_deg_median | AF4: axis_target_vs_raw_ori_err_deg_p95 | AG4: axis_target_vs_raw_ori_err_deg_max | AH4: g1_vs_runtime_target_ori_err_deg_mean | AI4: g1_vs_runtime_target_ori_err_deg_median | AJ4: g1_vs_runtime_target_ori_err_deg_p95 | AK4: g1_vs_runtime_target_ori_err_deg_max | AL4: expected_meta_sha256 | AM4: expected_convention | AN4: reference_contract_version | AO4: integrity_pass
A5: box001_20231003_2_041_p1 | B5: box001 | C5: omnirt_v1 | D5: local-gpu0 | E5: XZY | F5: XZY | G5: 1 | H5: 1 | I5: XZY | J5: 1 | K5: 1 | L5: -0.67947254 | M5: 6.966659 | N5: 6.966659 | O5: 2.0428104e-14 | P5: 1.6773003e-14 | Q5: 6.6901877e-14 | R5: 6.6901877e-14 | S5: 1.687539e-13 | T5: 157 | U5: logs/E196/cem/full_reference_fix/E196_box001_20231003_2_041_p1_G1_reference_fix.log | V5: example_datasets/processed/core4d/unitree_g1/humanoid_object/dcv3_omnirt_v1_ref_fk_box001_20231003_2_041_p1/scene_act_meta.json | W5: example_datasets/processed/core4d/unitree_g1/humanoid_object/dcv3_omnirt_v1_ref_fk_box001_20231003_2_041_p1/scene_act_E194_G1_expansion_rubberHull_PRG_gravcomp.xml | X5: example_datasets/processed/core4d/unitree_g1/humanoid_object/dcv3_omnirt_v1_ref_fk_box001_20231003_2_041_p1/0/trajectory_kinematic.npz | Y5: /home/ubuntu/Workspace/spider/workspace/core4d/results/E196/s6_downstream/cem/full_reference_fix/E196_box001_20231003_2_041_p1_G1_reference_fix_outdir/trajectory_mjwp_act.npz | Z5: 1.1777103e-07 | AA5: 0 | AB5: 1.7075473e-06 | AC5: 2.4148365e-06 | AD5: 1.1777103e-07 | AE5: 0 | AF5: 1.7075473e-06 | AG5: 2.4148365e-06 | AH5: 6.966659 | AI5: 5.4818088 | AJ5: 15.022535 | AK5: 16.75482 | AL5: 0a2150f97b0253275bef08d1f3643e86feb44005054aaa1e7b0ac4571de1e70c | AM5: XZY | AN5: E196-v1-fail-closed-compiled-axis | AO5: 1
A6: box001_20231003_1_039_p1 | B6: box001 | C6: omnirt_v1 | D6: local-gpu0 | E6: XZY | F6: XZY | G6: 1 | H6: 1 | I6: XZY | J6: 1 | K6: 0 | L6: -1.5836421 | M6: 6.9067271 | N6: 6.9067271 | O6: 2.4868996e-14 | P6: 2.6991657e-14 | Q6: 7.0216669e-14 | R6: 7.0216669e-14 | S6: 1.1901591e-13 | T6: 126 | U6: logs/E196/cem/full_reference_fix/E196_box001_20231003_1_039_p1_G1_reference_fix.log | V6: example_datasets/processed/core4d/unitree_g1/humanoid_object/dcv3_omnirt_v1_ref_fk_box001_20231003_1_039_p1/scene_act_meta.json | W6: example_datasets/processed/core4d/unitree_g1/humanoid_object/dcv3_omnirt_v1_ref_fk_box001_20231003_1_039_p1/scene_act_E194_G1_expansion_rubberHull_PRG_gravcomp.xml | X6: example_datasets/processed/core4d/unitree_g1/humanoid_object/dcv3_omnirt_v1_ref_fk_box001_20231003_1_039_p1/0/trajectory_kinematic.npz | Y6: /home/ubuntu/Workspace/spider/workspace/core4d/results/E196/s6_downstream/cem/full_reference_fix/E196_box001_20231003_1_039_p1_G1_reference_fix_outdir/trajectory_mjwp_act.npz | Z6: 1.6262355e-07 | AA6: 0 | AB6: 1.7075473e-06 | AC6: 1.7075473e-06 | AD6: 1.6262355e-07 | AE6: 0 | AF6: 1.7075473e-06 | AG6: 1.7075473e-06 | AH6: 6.9067271 | AI6: 4.7475333 | AJ6: 20.058125 | AK6: 21.516948 | AL6: 0a2150f97b0253275bef08d1f3643e86feb44005054aaa1e7b0ac4571de1e70c | AM6: XZY | AN6: E196-v1-fail-closed-compiled-axis | AO6: 1
A7: box001_20231003_1_041_p1 | B7: box001 | C7: omnirt_v2 | D7: local-gpu0 | E7: ZYX | F7: ZYX | G7: 1 | H7: 1 | I7: ZYX | J7: 1 | K7: 0 | L7: -0.26501875 | M7: 9.5637437 | N7: 9.5637437 | O7: 2.8421709e-14 | P7: 3.609907e-14 | Q7: 8.0825456e-14 | R7: 8.0825456e-14 | S7: 1.1546319e-13 | T7: 147 | U7: logs/E196/cem/full_reference_fix/E196_box001_20231003_1_041_p1_G1_reference_fix.log | V7: example_datasets/processed/core4d/unitree_g1/humanoid_object/dcv3_omnirt_v2_ref_fk_box001_20231003_1_041_p1/scene_act_meta.json | W7: example_datasets/processed/core4d/unitree_g1/humanoid_object/dcv3_omnirt_v2_ref_fk_box001_20231003_1_041_p1/scene_act_E194_G1_expansion_rubberHull_PRG_gravcomp.xml | X7: example_datasets/processed/core4d/unitree_g1/humanoid_object/dcv3_omnirt_v2_ref_fk_box001_20231003_1_041_p1/0/trajectory_kinematic.npz | Y7: /home/ubuntu/Workspace/spider/workspace/core4d/results/E196/s6_downstream/cem/full_reference_fix/E196_box001_20231003_1_041_p1_G1_reference_fix_outdir/trajectory_mjwp_act.npz | Z7: 8.782227e-08 | AA7: 0 | AB7: 0 | AC7: 2.9575587e-06 | AD7: 8.782227e-08 | AE7: 0 | AF7: 0 | AG7: 2.9575587e-06 | AH7: 9.5637437 | AI7: 6.9269525 | AJ7: 26.271103 | AK7: 27.020221 | AL7: 75edfa8c21cd66ad755820b38e88965b10f11e9860e4c9e529415ac4d608d4b9 | AM7: ZYX | AN7: E196-v1-fail-closed-compiled-axis | AO7: 1
A8: box001_20231003_2_037_p1 | B8: box001 | C8: omnirt_v1 | D8: local-gpu0 | E8: XZY | F8: XZY | G8: 1 | H8: 1 | I8: XZY | J8: 1 | K8: 0 | L8: -2.1904619 | M8: 4.5019289 | N8: 4.5019289 | O8: 7.9936058e-15 | P8: 1.1143199e-14 | Q8: 2.7194799e-14 | R8: 2.7194799e-14 | S8: 1.1279866e-13 | T8: 110 | U8: logs/E196/cem/full_reference_fix/E196_box001_20231003_2_037_p1_G1_reference_fix.log | V8: example_datasets/processed/core4d/unitree_g1/humanoid_object/dcv3_omnirt_v1_ref_fk_box001_20231003_2_037_p1/scene_act_meta.json | W8: example_datasets/processed/core4d/unitree_g1/humanoid_object/dcv3_omnirt_v1_ref_fk_box001_20231003_2_037_p1/scene_act_E194_G1_expansion_rubberHull_PRG_gravcomp.xml | X8: example_datasets/processed/core4d/unitree_g1/humanoid_object/dcv3_omnirt_v1_ref_fk_box001_20231003_2_037_p1/0/trajectory_kinematic.npz | Y8: /home/ubuntu/Workspace/spider/workspace/core4d/results/E196/s6_downstream/cem/full_reference_fix/E196_box001_20231003_2_037_p1_G1_reference_fix_outdir/trajectory_mjwp_act.npz | Z8: 4.6569472e-08 | AA8: 0 | AB8: 0 | AC8: 1.7075473e-06 | AD8: 4.6569472e-08 | AE8: 0 | AF8: 0 | AG8: 1.7075473e-06 | AH8: 4.5019289 | AI8: 4.3972863 | AJ8: 8.4402287 | AK8: 8.9843639 | AL8: 0a2150f97b0253275bef08d1f3643e86feb44005054aaa1e7b0ac4571de1e70c | AM8: XZY | AN8: E196-v1-fail-closed-compiled-axis | AO8: 1
A9: box001_20231003_2_039_p1 | B9: box001 | C9: omnirt_v2 | D9: local-gpu0 | E9: XZY | F9: XZY | G9: 1 | H9: 1 | I9: XZY | J9: 1 | K9: 0 | L9: -0.75572348 | M9: 4.9964155 | N9: 4.9964155 | O9: 2.6645353e-15 | P9: 9.7318512e-15 | Q9: 2.5438405e-14 | R9: 2.5438405e-14 | S9: 1.4033219e-13 | T9: 100 | U9: logs/E196/cem/full_reference_fix/E196_box001_20231003_2_039_p1_G1_reference_fix.log | V9: example_datasets/processed/core4d/unitree_g1/humanoid_object/dcv3_omnirt_v2_ref_fk_box001_20231003_2_039_p1/scene_act_meta.json | W9: example_datasets/processed/core4d/unitree_g1/humanoid_object/dcv3_omnirt_v2_ref_fk_box001_20231003_2_039_p1/scene_act_E194_G1_expansion_rubberHull_PRG_gravcomp.xml | X9: example_datasets/processed/core4d/unitree_g1/humanoid_object/dcv3_omnirt_v2_ref_fk_box001_20231003_2_039_p1/0/trajectory_kinematic.npz | Y9: /home/ubuntu/Workspace/spider/workspace/core4d/results/E196/s6_downstream/cem/full_reference_fix/E196_box001_20231003_2_039_p1_G1_reference_fix_outdir/trajectory_mjwp_act.npz | Z9: 1.8490051e-07 | AA9: 0 | AB9: 1.7075473e-06 | AC9: 2.4148365e-06 | AD9: 1.8490051e-07 | AE9: 0 | AF9: 1.7075473e-06 | AG9: 2.4148365e-06 | AH9: 4.9964155 | AI9: 5.1362742 | AJ9: 8.4478432 | AK9: 9.3431177 | AL9: 0a2150f97b0253275bef08d1f3643e86feb44005054aaa1e7b0ac4571de1e70c | AM9: XZY | AN9: E196-v1-fail-closed-compiled-axis | AO9: 1
A10: box001_20231023_107_p2 | B10: box001 | C10: omnirt_v1 | D10: local-gpu0 | E10: XZY | F10: XZY | G10: 1 | H10: 1 | I10: XZY | J10: 1 | K10: 0 | L10: 2.0755893 | M10: 7.808848 | N10: 7.808848 | O10: 1.687539e-13 | P10: 2.0124148e-14 | Q10: 5.0344054e-14 | R10: 5.0344054e-14 | S10: 4.9471538e-13 | T10: 97 | U10: logs/E196/cem/full_reference_fix/E196_box001_20231023_107_p2_G1_reference_fix.log | V10: example_datasets/processed/core4d/unitree_g1/humanoid_object/dcv3_omnirt_v1_ref_fk_box001_20231023_107_p2/scene_act_meta.json | W10: example_datasets/processed/core4d/unitree_g1/humanoid_object/dcv3_omnirt_v1_ref_fk_box001_20231023_107_p2/scene_act_E194_G1_expansion_rubberHull_PRG_gravcomp.xml | X10: example_datasets/processed/core4d/unitree_g1/humanoid_object/dcv3_omnirt_v1_ref_fk_box001_20231023_107_p2/0/trajectory_kinematic.npz | Y10: /home/ubuntu/Workspace/spider/workspace/core4d/results/E196/s6_downstream/cem/full_reference_fix/E196_box001_20231023_107_p2_G1_reference_fix_outdir/trajectory_mjwp_act.npz | Z10: 1.9791073e-07 | AA10: 0 | AB10: 1.7075473e-06 | AC10: 2.4148365e-06 | AD10: 1.9791073e-07 | AE10: 0 | AF10: 1.7075473e-06 | AG10: 2.4148365e-06 | AH10: 7.808848 | AI10: 6.1110647 | AJ10: 19.674305 | AK10: 20.886442 | AL10: 0a2150f97b0253275bef08d1f3643e86feb44005054aaa1e7b0ac4571de1e70c | AM10: XZY | AN10: E196-v1-fail-closed-compiled-axis | AO10: 1
A11: box001_20231023_109_p2 | B11: box001 | C11: omnirt_v1 | D11: local-gpu0 | E11: ZYX | F11: ZYX | G11: 1 | H11: 1 | I11: ZYX | J11: 1 | K11: 0 | L11: 0.10119652 | M11: 2.9719108 | N11: 2.9719108 | O11: 4.0056847e-13 | P11: 7.2198431e-15 | Q11: 4.4475279e-14 | R11: 4.4475279e-14 | S11: 6.0706995e-13 | T11: 110 | U11: logs/E196/cem/full_reference_fix/E196_box001_20231023_109_p2_G1_reference_fix.log | V11: example_datasets/processed/core4d/unitree_g1/humanoid_object/dcv3_omnirt_v1_ref_fk_box001_20231023_109_p2/scene_act_meta.json | W11: example_datasets/processed/core4d/unitree_g1/humanoid_object/dcv3_omnirt_v1_ref_fk_box001_20231023_109_p2/scene_act_E194_G1_expansion_rubberHull_PRG_gravcomp.xml | X11: example_datasets/processed/core4d/unitree_g1/humanoid_object/dcv3_omnirt_v1_ref_fk_box001_20231023_109_p2/0/trajectory_kinematic.npz | Y11: /home/ubuntu/Workspace/spider/workspace/core4d/results/E196/s6_downstream/cem/full_reference_fix/E196_box001_20231023_109_p2_G1_reference_fix_outdir/trajectory_mjwp_act.npz | Z11: 1.9004444e-07 | AA11: 0 | AB11: 1.7075473e-06 | AC11: 2.4148365e-06 | AD11: 1.9004444e-07 | AE11: 0 | AF11: 1.7075473e-06 | AG11: 2.4148365e-06 | AH11: 2.9719108 | AI11: 3.178393 | AJ11: 5.8628013 | AK11: 6.4094015 | AL11: 75edfa8c21cd66ad755820b38e88965b10f11e9860e4c9e529415ac4d608d4b9 | AM11: ZYX | AN11: E196-v1-fail-closed-compiled-axis | AO11: 1
A12: box023_20231008_046_p1 | B12: box023 | C12: omnirt_v1 | D12: local-gpu0 | E12: XZY | F12: XZY | G12: 1 | H12: 1 | I12: XZY | J12: 1 | K12: 0 | L12: 0.34230551 | M12: 4.6127942 | N12: 4.6127942 | O12: 1.3766766e-13 | P12: 5.6353537e-15 | Q12: 1.6653345e-14 | R12: 1.6653345e-14 | S12: 1.2621015e-12 | T12: 79 | U12: logs/E196/cem/full_reference_fix/E196_box023_20231008_046_p1_G1_reference_fix.log | V12: example_datasets/processed/core4d/unitree_g1/humanoid_object/dcv3_omnirt_v1_ref_fk_box023_20231008_046_p1/scene_act_meta.json | W12: example_datasets/processed/core4d/unitree_g1/humanoid_object/dcv3_omnirt_v1_ref_fk_box023_20231008_046_p1/scene_act_E194_G1_expansion_rubberHull_PRG_gravcomp.xml | X12: example_datasets/processed/core4d/unitree_g1/humanoid_object/dcv3_omnirt_v1_ref_fk_box023_20231008_046_p1/0/trajectory_kinematic.npz | Y12: /home/ubuntu/Workspace/spider/workspace/core4d/results/E196/s6_downstream/cem/full_reference_fix/E196_box023_20231008_046_p1_G1_reference_fix_outdir/trajectory_mjwp_act.npz | Z12: 1.3864016e-07 | AA12: 0 | AB12: 1.7075473e-06 | AC12: 2.4148365e-06 | AD12: 1.3864016e-07 | AE12: 0 | AF12: 1.7075473e-06 | AG12: 2.4148365e-06 | AH12: 4.6127942 | AI12: 4.8307186 | AJ12: 10.26963 | AK12: 11.667631 | AL12: 40cb82c8fe5a3dc06685d3f06832592d5b7db7cd447fd4061c468f4b8e2f4edb | AM12: XZY | AN12: E196-v1-fail-closed-compiled-axis | AO12: 1
A13: box023_20231011_021_p1 | B13: box023 | C13: omnirt_v1 | D13: local-gpu0 | E13: ZYX | F13: ZYX | G13: 1 | H13: 1 | I13: ZYX | J13: 1 | K13: 0 | L13: -0.60191639 | M13: 3.1748417 | N13: 3.1748417 | O13: 1.4210855e-13 | P13: 6.7404989e-14 | Q13: 1.4499466e-13 | R13: 1.4499466e-13 | S13: 5.3335114e-13 | T13: 130 | U13: logs/E196/cem/full_reference_fix/E196_box023_20231011_021_p1_G1_reference_fix.log | V13: example_datasets/processed/core4d/unitree_g1/humanoid_object/dcv3_omnirt_v1_ref_fk_box023_20231011_021_p1/scene_act_meta.json | W13: example_datasets/processed/core4d/unitree_g1/humanoid_object/dcv3_omnirt_v1_ref_fk_box023_20231011_021_p1/scene_act_E194_G1_expansion_rubberHull_PRG_gravcomp.xml | X13: example_datasets/processed/core4d/unitree_g1/humanoid_object/dcv3_omnirt_v1_ref_fk_box023_20231011_021_p1/0/trajectory_kinematic.npz | Y13: /home/ubuntu/Workspace/spider/workspace/core4d/results/E196/s6_downstream/cem/full_reference_fix/E196_box023_20231011_021_p1_G1_reference_fix_outdir/trajectory_mjwp_act.npz | Z13: 1.3134979e-07 | AA13: 0 | AB13: 1.7075473e-06 | AC13: 1.7075473e-06 | AD13: 1.3134979e-07 | AE13: 0 | AF13: 1.7075473e-06 | AG13: 1.7075473e-06 | AH13: 3.1748417 | AI13: 2.1903913 | AJ13: 8.3458153 | AK13: 10.593487 | AL13: 8a7721efaa78f204293f777175b4e421eff824d45cb20c1296be39d8db4d1a94 | AM13: ZYX | AN13: E196-v1-fail-closed-compiled-axis | AO13: 1
A14: box023_20231020_042_p1 | B14: box023 | C14: omnirt_v1 | D14: local-gpu0 | E14: XZY | F14: XZY | G14: 1 | H14: 1 | I14: XZY | J14: 1 | K14: 1 | L14: 1.2004391 | M14: 5.8353624 | N14: 5.8353624 | O14: 5.4800608e-13 | P14: 3.7617828e-14 | Q14: 9.15934e-14 | R14: 9.15934e-14 | S14: 1.727507e-12 | T14: 105 | U14: logs/E196/cem/full_reference_fix/E196_box023_20231020_042_p1_G1_reference_fix.log | V14: example_datasets/processed/core4d/unitree_g1/humanoid_object/dcv3_omnirt_v1_ref_fk_box023_20231020_042_p1/scene_act_meta.json | W14: example_datasets/processed/core4d/unitree_g1/humanoid_object/dcv3_omnirt_v1_ref_fk_box023_20231020_042_p1/scene_act_E194_G1_expansion_rubberHull_PRG_gravcomp.xml | X14: example_datasets/processed/core4d/unitree_g1/humanoid_object/dcv3_omnirt_v1_ref_fk_box023_20231020_042_p1/0/trajectory_kinematic.npz | Y14: /home/ubuntu/Workspace/spider/workspace/core4d/results/E196/s6_downstream/cem/full_reference_fix/E196_box023_20231020_042_p1_G1_reference_fix_outdir/trajectory_mjwp_act.npz | Z14: 1.1104631e-07 | AA14: 0 | AB14: 1.3660378e-06 | AC14: 2.4148365e-06 | AD14: 1.1104631e-07 | AE14: 0 | AF14: 1.3660378e-06 | AG14: 2.4148365e-06 | AH14: 5.8353624 | AI14: 2.9163306 | AJ14: 19.97132 | AK14: 22.386559 | AL14: 40cb82c8fe5a3dc06685d3f06832592d5b7db7cd447fd4061c468f4b8e2f4edb | AM14: XZY | AN14: E196-v1-fail-closed-compiled-axis | AO14: 1
A15: box001_20231020_014_p1 | B15: box001 | C15: omnirt_v1 | D15: ada-gpu0 | E15: XZY | F15: XZY | G15: 1 | H15: 1 | I15: XZY | J15: 1 | K15: 1 | L15: -3.2473977 | M15: 3.8005886 | N15: 3.8005886 | O15: 2.717826e-13 | P15: 2.5343235e-14 | Q15: 4.8710838e-14 | R15: 4.8710838e-14 | S15: 3.1357139e-12 | T15: 115 | U15: logs/E196/cem/full_reference_fix/E196_box001_20231020_014_p1_G1_reference_fix.log | V15: example_datasets/processed/core4d/unitree_g1/humanoid_object/dcv3_omnirt_v1_ref_fk_box001_20231020_014_p1/scene_act_meta.json | W15: example_datasets/processed/core4d/unitree_g1/humanoid_object/dcv3_omnirt_v1_ref_fk_box001_20231020_014_p1/scene_act_E194_G1_expansion_rubberHull_PRG_gravcomp.xml | X15: example_datasets/processed/core4d/unitree_g1/humanoid_object/dcv3_omnirt_v1_ref_fk_box001_20231020_014_p1/0/trajectory_kinematic.npz | Y15: /home/ubuntu/Workspace/spider/workspace/core4d/results/E196/s6_downstream/cem/full_reference_fix/E196_box001_20231020_014_p1_G1_reference_fix_outdir/trajectory_mjwp_act.npz | Z15: 1.3363414e-07 | AA15: 0 | AB15: 1.7075473e-06 | AC15: 1.7075473e-06 | AD15: 1.3363414e-07 | AE15: 0 | AF15: 1.7075473e-06 | AG15: 1.7075473e-06 | AH15: 3.8005886 | AI15: 3.7972845 | AJ15: 9.2040536 | AK15: 10.474307 | AL15: 40cb82c8fe5a3dc06685d3f06832592d5b7db7cd447fd4061c468f4b8e2f4edb | AM15: XZY | AN15: E196-v1-fail-closed-compiled-axis | AO15: 1
A16: box001_20231003_1_040_p1 | B16: box001 | C16: omnirt_v1 | D16: ada-gpu0 | E16: ZYX | F16: ZYX | G16: 1 | H16: 1 | I16: ZYX | J16: 1 | K16: 0 | L16: -0.044684474 | M16: 6.8612814 | N16: 6.8612814 | O16: 2.5757174e-14 | P16: 2.0744769e-14 | Q16: 5.2369115e-14 | R16: 5.2369115e-14 | S16: 8.3488771e-14 | T16: 130 | U16: logs/E196/cem/full_reference_fix/E196_box001_20231003_1_040_p1_G1_reference_fix.log | V16: example_datasets/processed/core4d/unitree_g1/humanoid_object/dcv3_omnirt_v1_ref_fk_box001_20231003_1_040_p1/scene_act_meta.json | W16: example_datasets/processed/core4d/unitree_g1/humanoid_object/dcv3_omnirt_v1_ref_fk_box001_20231003_1_040_p1/scene_act_E194_G1_expansion_rubberHull_PRG_gravcomp.xml | X16: example_datasets/processed/core4d/unitree_g1/humanoid_object/dcv3_omnirt_v1_ref_fk_box001_20231003_1_040_p1/0/trajectory_kinematic.npz | Y16: /home/ubuntu/Workspace/spider/workspace/core4d/results/E196/s6_downstream/cem/full_reference_fix/E196_box001_20231003_1_040_p1_G1_reference_fix_outdir/trajectory_mjwp_act.npz | Z16: 1.5536614e-07 | AA16: 0 | AB16: 1.7075473e-06 | AC16: 2.4148365e-06 | AD16: 1.5536614e-07 | AE16: 0 | AF16: 1.7075473e-06 | AG16: 2.4148365e-06 | AH16: 6.8612814 | AI16: 4.0281532 | AJ16: 15.468598 | AK16: 16.961591 | AL16: 8a7721efaa78f204293f777175b4e421eff824d45cb20c1296be39d8db4d1a94 | AM16: ZYX | AN16: E196-v1-fail-closed-compiled-axis | AO16: 1
... A33: box023_20231020_040_p2 | B33: box023 | C33: omnirt_v1 | D33: ada-gpu1 | E33: XZY | F33: XZY | G33: 1 | H33: 1 | I33: XZY | J33: 1 | K33: 1 | L33: 0.68573784 | M33: 6.0585247 | N33: 6.0585247 | O33: 1.1191048e-13 | P33: 2.1349936e-14 | Q33: 4.9960036e-14 | R33: 4.9960036e-14 | S33: 8.189005e-13 | T33: 110 | U33: logs/E196/cem/full_reference_fix/E196_box023_20231020_040_p2_G1_reference_fix.log | V33: example_datasets/processed/core4d/unitree_g1/humanoid_object/dcv3_omnirt_v1_ref_fk_box023_20231020_040_p2/scene_act_meta.json | W33: example_datasets/processed/core4d/unitree_g1/humanoid_object/dcv3_omnirt_v1_ref_fk_box023_20231020_040_p2/scene_act_E194_G1_expansion_rubberHull_PRG_gravcomp.xml | X33: example_datasets/processed/core4d/unitree_g1/humanoid_object/dcv3_omnirt_v1_ref_fk_box023_20231020_040_p2/0/trajectory_kinematic.npz | Y33: /home/ubuntu/Workspace/spider/workspace/core4d/results/E196/s6_downstream/cem/full_reference_fix/E196_box023_20231020_040_p2_G1_reference_fix_outdir/trajectory_mjwp_act.npz | Z33: 1.8095118e-07 | AA33: 0 | AB33: 1.7075473e-06 | AC33: 2.4148365e-06 | AD33: 1.8095118e-07 | AE33: 0 | AF33: 1.7075473e-06 | AG33: 2.4148365e-06 | AH33: 6.0585247 | AI33: 5.6882161 | AJ33: 13.41532 | AK33: 16.635121 | AL33: 40cb82c8fe5a3dc06685d3f06832592d5b7db7cd447fd4061c468f4b8e2f4edb | AM33: XZY | AN33: E196-v1-fail-closed-compiled-axis | AO33: 1

Sheet Case Metrics
A1: Three-arm public-core metrics
A2: Hardcoded source evidence; derived calculations are kept in formula-driven sheets.
A4: case_id | B4: variant | C4: method | D4: hand_collision_variant_id | E4: object_key | F4: object_category | G4: expected_quality | H4: qpos_path | I4: scene_xml | J4: qpos_frames | K4: duration_s | L4: pelvis_min_m | M4: pelvis_end_m | N4: fall_flag | O4: root_xy_displacement_m | P4: object_xy_displacement_m | Q4: object_z_range_m | R4: object_floor_contact_frac | S4: hand_geom_penetration_frac | T4: hand_geom_penetration_2mm_frac | U4: hand_geom_penetration_5mm_frac | V4: hand_geom_deep_penetration_2cm_frac | W4: hand_object_physics_contact_frac | X4: hand_object_clean_physics_contact_frac | Y4: hand_object_physics_contact_3mm_frac | Z4: hand_object_physics_contact_5mm_frac | AA4: hand_object_physics_penetration_3mm_frame_frac | AB4: hand_object_physics_penetration_5mm_frame_frac | AC4: hand_object_con_dist_mean_m | AD4: hand_object_con_dist_min_m | AE4: hand_object_con_dist_frac_lt_neg2mm | AF4: hand_object_con_dist_frac_lt_neg3mm | AG4: hand_object_con_dist_frac_lt_neg5mm | AH4: hand_object_con_deep2mm_frame_frac | AI4: hand_object_con_deep3mm_frame_frac | AJ4: hand_object_con_deep5mm_frame_frac | AK4: hand_floor_min_z_m | AL4: hand_floor_near_2cm_frac | AM4: hand_floor_penetration_frac | AN4: hand_floor_physics_contact_frac | AO4: hand_floor_con_dist_mean_m | AP4: hand_floor_con_dist_min_m | AQ4: hand_floor_con_dist_frac_lt_neg5mm | AR4: hand_floor_con_deep5mm_frame_frac | AS4: leg_near_2cm_frac | AT4: leg_penetration_frac | AU4: leg_object_physics_contact_frac | AV4: body_penetration_frac | AW4: head_penetration_frac | AX4: upper_body_penetration_frac | AY4: obj_err_mean_m | AZ4: obj_err_max_m | BA4: notes | BB4: eef_near_3cm_frac | BC4: hand_geom_near_3cm_frac | BD4: eef_near_5cm_frac | BE4: hand_geom_near_5cm_frac | BF4: eef_near_8cm_frac | BG4: hand_geom_near_8cm_frac | BH4: eef_near_10cm_frac | BI4: hand_geom_near_10cm_frac | BJ4: track_root_pos_err_mean_m | BK4: track_root_pos_err_terminal_m | BL4: track_root_quat_err_mean | BM4: track_root_quat_err_terminal | BN4: track_joint_err_mean_rad | BO4: track_joint_err_terminal_rad | BP4: track_pelvis_z_err_mean_m | BQ4: track_pelvis_z_err_terminal_m | BR4: track_joint_err_deg_mean | BS4: track_eef_pos_err_cm_mean | BT4: track_eef_ori_err_deg_mean | BU4: track_root_pos_err_cm_mean | BV4: track_root_ori_err_deg_mean | BW4: track_obj_pos_err_cm_mean | BX4: track_obj_z_abs_err_cm_mean | BY4: track_obj_ori_err_deg_mean | BZ4: ref_contact_frac | CA4: hand_object_physics_contact_in_mask_frac | CB4: hand_object_clean_physics_contact_in_mask_frac | CC4: hand_object_physics_contact_3mm_in_mask_frac | CD4: hand_object_physics_contact_5mm_in_mask_frac | CE4: rl_object_contact_ref_frac | CF4: rl_object_contact_gap_fill_frames | CG4: rl_object_contact_filled_frame_count | CH4: hand_object_physics_contact_in_rl_mask_frac | CI4: hand_object_physics_contact_3mm_in_rl_mask_frac | CJ4: hand_object_physics_contact_5mm_in_rl_mask_frac | CK4: hand_object_false_contact_frac | CL4: hand_object_clean_false_contact_frac | CM4: hand_object_false_contact_3mm_frac | CN4: hand_object_false_contact_5mm_frac | CO4: hand_object_approach_false_contact_frac | CP4: hand_object_clean_approach_false_contact_frac | CQ4: hand_object_approach_false_contact_3mm_frac | CR4: hand_object_approach_false_contact_5mm_frac | CS4: hand_object_release_false_contact_frac | CT4: hand_object_clean_release_false_contact_frac | CU4: hand_object_release_false_contact_3mm_frac | CV4: hand_object_release_false_contact_5mm_frac | CW4: hand_geom_penetration_2mm_in_mask_frac | CX4: hand_geom_penetration_5mm_in_mask_frac | CY4: track_obj_z_err_m_mean | CZ4: track_obj_z_err_m_p10 | DA4: track_obj_xy_err_cm_mean | DB4: track_obj_z_err_m_lifted_mean | DC4: track_obj_xy_err_cm_lifted_mean | DD4: track_obj_z_err_share_lifted | DE4: obj_lifted_frame_frac | DF4: obj_side_near_z_err_m | DG4: obj_side_far_z_err_m | DH4: obj_side_z_asym_cm | DI4: object_guidance_force_N_p95 | DJ4: object_guidance_force_z_N_p95 | DK4: object_guidance_torque_Nm_p95 | DL4: object_weight_N | DM4: ref_hand_geom_penetration_frac | DN4: ref_hand_geom_penetration_3mm_frac | DO4: ref_hand_geom_min_sdf_m | DP4: hand_gate_floor_saturation_frac | DQ4: hand_gate_fixed_depth_8mm_frame_frac | DR4: hand_gate_fixed_depth_10mm_frame_frac | DS4: hand_gate_fixed_depth_12mm_frame_frac | DT4: hand_gate_fixed_depth_15mm_frame_frac | DU4: hand_gate_fixed_depth_20mm_frame_frac | DV4: object_mass_kg | DW4: object_half_extents_m | DX4: object_max_half_extent_m | DY4: grip_near_arm_m | DZ4: grip_far_arm_m | EA4: sample_smooth_accel_p95_mean | EB4: sample_smooth_accel_p95_max | EC4: sample_smooth_jerk_p95_mean | ED4: sample_smooth_jerk_p95_max | EE4: sample_smooth_penalty_mean | EF4: sample_smooth_penalty_max | EG4: sample_foot_slip_speed_mean_mean | EH4: sample_foot_slip_speed_peak_mean | EI4: sample_foot_slip_speed_peak_max | EJ4: sample_foot_ground_dev_mean_mean | EK4: sample_foot_ground_dev_peak_mean | EL4: sample_foot_ground_dev_peak_max | EM4: sample_foot_penalty_mean | EN4: sample_foot_penalty_max | EO4: qpos_speed_l2_p95 | EP4: qpos_accel_l2_p95 | EQ4: qpos_jerk_l2_p95 | ER4: trackbody_speed_max | ES4: ankle_speed_max | ET4: wrist_speed_max | EU4: trackbody_acc_max | EV4: ankle_acc_max | EW4: trackbody_jerk_p95 | EX4: ankle_jerk_p95 | EY4: obj_speed_max | EZ4: foot_slip_max_m | FA4: foot_ground_dev_max_m | FB4: foot_grounded_frame_frac | FC4: has_smooth_health | FD4: has_foot_health | FE4: z_reference_source | FF4: z_reference_path | FG4: z_eval_frames | FH4: monitored_bodies | FI4: body_z_gate_metric | FJ4: body_z_gate_threshold_m | FK4: body_z_err_peak_m | FL4: body_z_err_p95_m | FM4: body_z_over_frac | FN4: holosoma_z_gate_pass | FO4: sugar_3d_err_peak_m | FP4: sugar_3d_err_p95_m | FQ4: sugar_3d_over_frac | FR4: sugar_3d_gate_pass | FS4: xy_err_peak_m | FT4: xy_err_p95_m | FU4: xy_only_failure | FV4: body_z_accel_p95 | FW4: body_z_jerk_p95 | FX4: legacy_intra_tick_z_err_peak_m | FY4: legacy_intra_tick_z_gate_pass | FZ4: release_window_frame_count | GA4: release_gate_applicable | GB4: release_gate_status | GC4: cem_leg_gate_valid_frac_mean | GD4: cem_leg_gate_valid_frac_last_iter_mean | GE4: cem_leg_gate_selected_valid_frac_mean | GF4: cem_leg_gate_selected_valid_frac_last_iter_mean | GG4: cem_leg_gate_fallback_used_mean | GH4: cem_leg_gate_fallback_used_last_iter_mean | GI4: cem_leg_gate_min_sdf_min_m_mean | GJ4: cem_leg_gate_min_sdf_min_m_last_iter_mean | GK4: cem_leg_gate_min_sdf_p05_m_mean | GL4: cem_leg_gate_min_sdf_p05_m_last_iter_mean | GM4: cem_leg_gate_violation_pct_mean_mean | GN4: cem_leg_gate_violation_pct_mean_last_iter_mean | GO4: cem_leg_gate_selected_all_valid_mean | GP4: cem_leg_gate_selected_all_valid_last_iter_mean | GQ4: cem_leg_gate_min_sdf_worst_m | GR4: leg_gate_fallback_pass | GS4: leg_gate_valid_frac_pass | GT4: leg_gate_selected_valid_pass | GU4: leg_gate_health_pass | GV4: fall_gate_pass | GW4: body_z_gate_pass | GX4: contact_gate_pass | GY4: release_gate_pass | GZ4: hand_penetration_gate_pass | HA4: lower_body_gate_pass | HB4: root_pos_gate_pass | HC4: root_ori_gate_pass | HD4: hand_pos_gate_pass | HE4: hand_ori_gate_pass | HF4: object_pos_gate_pass | HG4: object_ori_gate_pass | HH4: legacy_physics6_pass | HI4: numeric_release_pass_12gate | HJ4: numeric_release_pass | HK4: numeric_failure_modes | HL4: scoring_contract_id | HM4: tracking_gates_enabled | HN4: arm | HO4: source_exp | HP4: execution_source | HQ4: reused_full | HR4: retarget_variant_id | HS4: worker | HT4: execution_profile | HU4: result_sha256 | HV4: outdir_sha256 | HW4: scene_sha256 | HX4: trajectory_sha256 | HY4: metric_standard_id | HZ4: result_npz | IA4: outdir_npz | IB4: config_act | IC4: trajectory | ID4: contact_mask | IE4: reference_contract_version | IF4: resolved_euler_convention | IG4: scene_act_meta_sha256 | IH4: wave
A5: box001_20231003_2_041_p1 | B5: E173_box001_20231003_2_041_p1_PRG | C5: E173_E170PRG_crossObject_candidate_r1 | D5: rubber_hull | E5: box001 | H5: workspace/core4d/results/E173/s6_downstream/cem/full/E173_box001_20231003_2_041_p1_PRG_outdir_full/trajectory_mjwp_act.npz | I5: example_datasets/processed/core4d/unitree_g1/humanoid_object/dcv3_omnirt_v1_ref_fk_box001_20231003_2_041_p1/scene_act_E173_rubberHull_PRG.xml | J5: 157 | K5: 5.2333333 | L5: 0.75126427 | M5: 0.80332112 | N5: 0 | O5: 1.3828369 | P5: 1.52284 | Q5: 0.23394508 | R5: 0.33121019 | S5: 0.2611465 | T5: 0.031847134 | U5: 0.012738854 | V5: 0 | W5: 0.74522293 | X5: 0.42675159 | Y5: 0.66878981 | Z5: 0.72611465 | AA5: 0.076433121 | AB5: 0.01910828 | AC5: -0.0019006198 | AD5: -0.0083898586 | AE5: 0.42016807 | AF5: 0.10084034 | AG5: 0.025210084 | AH5: 0.31847134 | AI5: 0.076433121 | AJ5: 0.01910828 | AK5: 0.43134662 | AL5: 0 | AM5: 0 | AN5: 0 | AR5: 0 | AS5: 0.025477707 | AT5: 0 | AU5: 0 | AV5: 0 | AW5: 0 | AX5: 0 | AY5: 0.0062802726 | AZ5: 0.013309951 | BB5: 0.070063694 | BC5: 0.91082803 | BD5: 0.66878981 | BE5: 0.91719745 | BF5: 0.80254777 | BG5: 0.92356688 | BH5: 0.85350318 | BI5: 0.92993631 | BJ5: 0.12699191 | BK5: 0.087261745 | BL5: 0.10303845 | BM5: 0.04167478 | BN5: 0.4713039 | BO5: 0.38697852 | BP5: 0.0087357238 | BQ5: 0.0079908267 | BR5: 3.7567533 | BS5: 13.689956 | BT5: 22.982984 | BU5: 12.699191 | BV5: 5.9036681 | BW5: 11.546123 | BX5: 6.7316664 | BY5: 7.6461315 | BZ5: 0.8089172 | CA5: 0.8976378 | CB5: 0.51181102 | CC5: 0.81102362 | CD5: 0.87401575 | CE5: 0.8343949 | CF5: 5 | CG5: 4 | CH5: 0.8778626 | CI5: 0.78625954 | CJ5: 0.85496183 | CK5: 0.1 | CL5: 0.066666667 | CM5: 0.066666667 | CN5: 0.1 | CO5: 0.0625 | CP5: 0.0625 | CQ5: 0.0625 | CR5: 0.0625 | CS5: 0.1 | CT5: 0.1 | CU5: 0.1 | CV5: 0.1 | CW5: 0.023622047 | CX5: 0.015748031 | CY5: -0.05850842 | CZ5: -0.11667655 | DA5: 8.8897633 | DB5: -0.092179756 | DC5: 11.819047 | DD5: 0.43817872 | DE5: 0.67515924 | DF5: -0.072479976 | DG5: -0.10876172 | DH5: 3.6281741 | DI5: 112.80685 | DJ5: 95.090339 | DK5: 12.990891 | DL5: 49.05 | DM5: 0.74522293 | DN5: 0.56687898 | DO5: -0.011628153 | DP5: 0 | DQ5: 0.0063694268 | DR5: 0 | DS5: 0 | DT5: 0 | DU5: 0 | DV5: 5 | DW5: 0.2511|0.3132|0.4063 | DX5: 0.406307 | DY5: -0.025256243 | DZ5: 0.83787024 | EO5: 6.0828503 | EP5: 66.586211 | EQ5: 1463.6894 | ER5: 2.682057 | ES5: 2.682057 | ET5: 1.3608863 | EU5: 62.179244 | EV5: 62.179244 | EW5: 445.35816 | EX5: 537.14821 | EY5: 0.79249446 | EZ5: 1.4715067 | FA5: 0.033530601 | FB5: 1 | FC5: 0 | FD5: 0 | FE5: fixed_kinematic_trajectory | FF5: example_datasets/processed/core4d/unitree_g1/humanoid_object/dcv3_omnirt_v1_ref_fk_box001_20231003_2_041_p1/0/trajectory_kinematic.npz | FG5: 157 | FH5: left_ankle_roll_link,right_ankle_roll_link,left_wrist_yaw_link,right_wrist_yaw_link | FI5: body_z_err_p95_m | FJ5: 0.2 | FK5: 0.15239875 | FL5: 0.090091197 | FM5: 0 | FN5: 1 | FO5: 0.38248181 | FP5: 0.28204745 | FQ5: 0.030254777 | FR5: 0 | FS5: 0.38223111 | FT5: 0.28189295 | FU5: 1 | FV5: 4.9932133 | FW5: 183.56159 | FX5: 0.01222263 | FY5: 1 | FZ5: 10 | GA5: 1 | GB5: PENDING_EVALUATION | GC5: 0.93070916 | GD5: 0.96168392 | GE5: 0.96178344 | GF5: 0.96178344 | GG5: 0 | GH5: 0 | GI5: 0.01827289 | GJ5: 0.035596977 | GK5: 0.030164275 | GL5: 0.039689867 | GM5: 0.0027984329 | GN5: 2.0733812e-06 | GO5: 0.96178344 | GP5: 0.96178344 | GQ5: -0.031603768 | GR5: 1 | GS5: 1 | GT5: 0 | GU5: 0 | GV5: 1 | GW5: 1 | GX5: 1 | GY5: 1 | GZ5: 1 | HA5: 1 | HB5: 1 | HC5: 1 | HD5: 1 | HE5: 0 | HF5: 1 | HG5: 1 | HH5: 1 | HI5: 0 | HJ5: 0 | HK5: hand_ori | HL5: core4d-e194-g1-expansion-12gate-v1 | HM5: 1 | HN5: PRG | HO5: E173 | HP5: E173 | HQ5: 0 | HR5: omnirt_v1 | HS5: A0-source | HT5: A0-source | HU5: abfd38575fa522cce303c3ca068df75fe89b12b3547f1c822a680ddc4c68629c | HV5: abfd38575fa522cce303c3ca068df75fe89b12b3547f1c822a680ddc4c68629c | HW5: 942151d5e0eed8e2b80a439d1475a34e582058924aca91b1b1d51a953605e0bc | HX5: bbb14f9d630e6ee1ab27ecb5d94c7b5db2b845e29e1ed5710f13a613c07df948 | HY5: core4d-e154-physics-contact-v1 | HZ5: workspace/core4d/results/E173/s6_downstream/cem/full/E173_box001_20231003_2_041_p1_PRG.npz | IA5: workspace/core4d/results/E173/s6_downstream/cem/full/E173_box001_20231003_2_041_p1_PRG_outdir_full/trajectory_mjwp_act.npz | IB5: workspace/core4d/results/E173/s6_downstream/cem/full/E173_box001_20231003_2_041_p1_PRG_outdir_full/config_act.yaml | IC5: example_datasets/processed/core4d/unitree_g1/humanoid_object/dcv3_omnirt_v1_ref_fk_box001_20231003_2_041_p1/0/trajectory_kinematic.npz | ID5: workspace/core4d/results/E173/s3_retarget/omnirt_v1/ref_fk/results/omnirt_v1_ref_fk/contact_masks/dcv3_omnirt_v1_ref_fk_box001_20231003_2_041_p1/raw_contact_mask_3cm.npz
A6: box001_20231003_2_041_p1 | B6: E194_box001_20231003_2_041_p1_G1_expansion | C6: E167A_zOnlyBody_PRG_gravcomp_G1 | D6: rubber_hull | E6: box001 | H6: workspace/core4d/results/E194/s6_downstream/cem/full_g1_expansion/E194_box001_20231003_2_041_p1_G1_expansion_outdir/trajectory_mjwp_act.npz | I6: example_datasets/processed/core4d/unitree_g1/humanoid_object/dcv3_omnirt_v1_ref_fk_box001_20231003_2_041_p1/scene_act_E194_G1_expansion_rubberHull_PRG_gravcomp.xml | J6: 157 | K6: 5.2333333 | L6: 0.7481401 | M6: 0.80866635 | N6: 0 | O6: 1.3894534 | P6: 1.494237 | Q6: 0.32459166 | R6: 0.2866242 | S6: 0.4522293 | T6: 0.038216561 | U6: 0 | V6: 0 | W6: 0.7133758 | X6: 0.43312102 | Y6: 0.53503185 | Z6: 0.7133758 | AA6: 0.17834395 | AB6: 0 | AC6: -0.0018322385 | AD6: -0.0042881198 | AE6: 0.39285714 | AF6: 0.25 | AG6: 0 | AH6: 0.28025478 | AI6: 0.17834395 | AJ6: 0 | AK6: 0.43501256 | AL6: 0 | AM6: 0 | AN6: 0 | AR6: 0 | AS6: 0.11464968 | AT6: 0 | AU6: 0 | AV6: 0 | AW6: 0 | AX6: 0 | AY6: 0.0065297599 | AZ6: 0.013377559 | BB6: 0.41401274 | BC6: 0.89808917 | BD6: 0.82165605 | BE6: 0.91082803 | BF6: 0.86624204 | BG6: 0.92356688 | BH6: 0.87261146 | BI6: 0.92993631 | BJ6: 0.13847744 | BK6: 0.062447827 | BL6: 0.20771106 | BM6: 0.086297232 | BN6: 0.5166431 | BO6: 0.60184745 | BP6: 0.0081274375 | BQ6: 0.01149349 | BR6: 4.3063991 | BS6: 15.065521 | BT6: 26.284357 | BU6: 13.847744 | BV6: 11.900967 | BW6: 10.910438 | BX6: 4.6607999 | BY6: 29.522246 | BZ6: 0.8089172 | CA6: 0.8503937 | CB6: 0.51181102 | CC6: 0.62992126 | CD6: 0.8503937 | CE6: 0.8343949 | CF6: 5 | CG6: 4 | CH6: 0.84732824 | CI6: 0.63358779 | CJ6: 0.84732824 | CK6: 0.13333333 | CL6: 0.1 | CM6: 0.13333333 | CN6: 0.13333333 | CO6: 0.0625 | CP6: 0.0625 | CQ6: 0.0625 | CR6: 0.0625 | CS6: 0 | CT6: 0 | CU6: 0 | CV6: 0 | CW6: 0.039370079 | CX6: 0 | CY6: 0.010176656 | CZ6: -0.050406901 | DA6: 8.8914842 | DB6: -0.010947408 | DC6: 11.242613 | DD6: 0.27095102 | DE6: 0.67515924 | DF6: -0.08149634 | DG6: -0.010450244 | DH6: -7.1046096 | DI6: 85.990294 | DJ6: 64.735999 | DK6: 57.364982 | DL6: 49.05 | DM6: 0.74522293 | DN6: 0.56687898 | DO6: -0.011628153 | DP6: 0 | DQ6: 0 | DR6: 0 | DS6: 0 | DT6: 0 | DU6: 0 | DV6: 5 | DW6: 0.2511|0.3132|0.4063 | DX6: 0.406307 | DY6: -0.025256243 | DZ6: 0.83787024 | EO6: 5.7697559 | EP6: 66.104852 | EQ6: 1588.5358 | ER6: 2.8325578 | ES6: 2.8325578 | ET6: 1.6237191 | EU6: 35.793344 | EV6: 35.793344 | EW6: 462.80457 | EX6: 648.60176 | EY6: 0.79845218 | EZ6: 1.51869 | FA6: 0.042990993 | FB6: 1 | FC6: 0 | FD6: 0 | FE6: fixed_kinematic_trajectory | FF6: example_datasets/processed/core4d/unitree_g1/humanoid_object/dcv3_omnirt_v1_ref_fk_box001_20231003_2_041_p1/0/trajectory_kinematic.npz | FG6: 157 | FH6: left_ankle_roll_link,right_ankle_roll_link,left_wrist_yaw_link,right_wrist_yaw_link | FI6: body_z_err_p95_m | FJ6: 0.2 | FK6: 0.14979142 | FL6: 0.095756301 | FM6: 0 | FN6: 1 | FO6: 0.4947497 | FP6: 0.37292842 | FQ6: 0.12261146 | FR6: 0 | FS6: 0.4946518 | FT6: 0.37056097 | FU6: 1 | FV6: 5.4585378 | FW6: 200.34831 | FX6: 0.011956241 | FY6: 1 | FZ6: 10 | GA6: 1 | GB6: PENDING_EVALUATION | GC6: 0.92975203 | GD6: 0.95958151 | GE6: 0.96146731 | GF6: 0.96178344 | GG6: 0 | GH6: 0 | GI6: 0.024786492 | GJ6: 0.038628162 | GK6: 0.035287275 | GL6: 0.041510345 | GM6: 0.0041465356 | GN6: 5.2612047e-05 | GO6: 0.96058917 | GP6: 0.96178344 | GQ6: -0.03089188 | GR6: 1 | GS6: 1 | GT6: 0 | GU6: 0 | GV6: 1 | GW6: 1 | GX6: 1 | GY6: 1 | GZ6: 1 | HA6: 1 | HB6: 1 | HC6: 1 | HD6: 1 | HE6: 0 | HF6: 1 | HG6: 0 | HH6: 1 | HI6: 0 | HJ6: 0 | HK6: hand_ori,object_ori | HL6: core4d-e194-g1-expansion-12gate-v1 | HM6: 1 | HN6: G1_contaminated | HO6: E173 | HP6: E173 | HQ6: 0 | HR6: omnirt_v1 | HS6: ada-gpu0 | HT6: ada-gpu0 | HU6: 1bd052d937b03b4e44557b1f01f19ba0d6e3e18ca8fd20f0f831e670fdfcfeaf | HV6: 1bd052d937b03b4e44557b1f01f19ba0d6e3e18ca8fd20f0f831e670fdfcfeaf | HW6: 7de10ee3d4108fac2fcbe4134ede29fd357e13358d07c5e4833351b28b6096c4 | HX6: bbb14f9d630e6ee1ab27ecb5d94c7b5db2b845e29e1ed5710f13a613c07df948 | HY6: core4d-e154-physics-contact-v1 | HZ6: workspace/core4d/results/E194/s6_downstream/cem/full_g1_expansion/E194_box001_20231003_2_041_p1_G1_expansion.npz | IA6: workspace/core4d/results/E194/s6_downstream/cem/full_g1_expansion/E194_box001_20231003_2_041_p1_G1_expansion_outdir/trajectory_mjwp_act.npz | IB6: workspace/core4d/results/E194/s6_downstream/cem/full_g1_expansion/E194_box001_20231003_2_041_p1_G1_expansion_outdir/config_act.yaml | IC6: example_datasets/processed/core4d/unitree_g1/humanoid_object/dcv3_omnirt_v1_ref_fk_box001_20231003_2_041_p1/0/trajectory_kinematic.npz | ID6: workspace/core4d/results/E173/s3_retarget/omnirt_v1/ref_fk/results/omnirt_v1_ref_fk/contact_masks/dcv3_omnirt_v1_ref_fk_box001_20231003_2_041_p1/raw_contact_mask_3cm.npz
A7: box001_20231003_1_039_p1 | B7: E173_box001_20231003_1_039_p1_PRG | C7: E173_E170PRG_crossObject_candidate_r1 | D7: rubber_hull | E7: box001 | H7: workspace/core4d/results/E173/s6_downstream/cem/full/E173_box001_20231003_1_039_p1_PRG_outdir_full/trajectory_mjwp_act.npz | I7: example_datasets/processed/core4d/unitree_g1/humanoid_object/dcv3_omnirt_v1_ref_fk_box001_20231003_1_039_p1/scene_act_E173_rubberHull_PRG.xml | J7: 126 | K7: 4.2 | L7: 0.74434298 | M7: 0.78568244 | N7: 0 | O7: 1.9996999 | P7: 1.9376337 | Q7: 0.21396336 | R7: 0.52380952 | S7: 0.41269841 | T7: 0.071428571 | U7: 0 | V7: 0 | W7: 0.65079365 | X7: 0.28571429 | Y7: 0.45238095 | Z7: 0.6031746 | AA7: 0.1984127 | AB7: 0.047619048 | AC7: -0.002279693 | AD7: -0.0065667347 | AE7: 0.53846154 | AF7: 0.2967033 | AG7: 0.065934066 | AH7: 0.36507937 | AI7: 0.1984127 | AJ7: 0.047619048 | AK7: 0.38900406 | AL7: 0 | AM7: 0 | AN7: 0 | AR7: 0 | AS7: 0.015873016 | AT7: 0 | AU7: 0 | AV7: 0 | AW7: 0 | AX7: 0 | AY7: 0.0085967424 | AZ7: 0.022389266 | BB7: 0.031746032 | BC7: 0.73809524 | BD7: 0.20634921 | BE7: 0.74603175 | BF7: 0.54761905 | BG7: 0.75396825 | BH7: 0.73809524 | BI7: 0.76190476 | BJ7: 0.19806387 | BK7: 0.083794632 | BL7: 0.20557628 | BM7: 0.030400658 | BN7: 0.44165987 | BO7: 0.29721374 | BP7: 0.012762746 | BQ7: 0.0071841883 | BR7: 3.4525038 | BS7: 17.916136 | BT7: 16.713241 | BU7: 19.806387 | BV7: 11.778653 | BW7: 11.104181 | BX7: 5.3631796 | BY7: 8.4903691 | BZ7: 0.6984127 | CA7: 0.89772727 | CB7: 0.38636364 | CC7: 0.61363636 | CD7: 0.82954545 | CE7: 0.6984127 | CF7: 5 | CG7: 0 | CH7: 0.89772727 | CI7: 0.61363636 | CJ7: 0.82954545 | CK7: 0.078947368 | CL7: 0.052631579 | CM7: 0.078947368 | CN7: 0.078947368 | CO7: 0 | CP7: 0 | CQ7: 0 | CR7: 0 | CS7: 0.14285714 | CT7: 0.095238095 | CU7: 0.14285714 | CV7: 0.14285714 | CW7: 0.090909091 | CX7: 0 | CY7: -0.034860521 | CZ7: -0.1267293 | DA7: 9.2504576 | DB7: -0.092270434 | DC7: 17.031357 | DD7: 0.35345129 | DE7: 0.47619048 | DF7: -0.057326659 | DG7: -0.13027831 | DH7: 7.2951653 | DI7: 125.95104 | DJ7: 74.562901 | DK7: 13.441792 | DL7: 49.05 | DM7: 0.70634921 | DN7: 0.66666667 | DO7: -0.012798915 | DP7: 0 | DQ7: 0 | DR7: 0 | DS7: 0 | DT7: 0 | DU7: 0 | DV7: 5 | DW7: 0.2511|0.3132|0.4063 | DX7: 0.406307 | DY7: -0.018319116 | DZ7: 0.83093312 | EO7: 6.2006128 | EP7: 73.125127 | EQ7: 1789.0778 | ER7: 4.6565774 | ES7: 4.6565774 | ET7: 2.0171092 | EU7: 48.47677 | EV7: 48.47677 | EW7: 551.30488 | EX7: 760.19148 | EY7: 1.340441 | EZ7: 0.7864477 | FA7: 0.048216816 | FB7: 1 | FC7: 0 | FD7: 0 | FE7: fixed_kinematic_trajectory | FF7: example_datasets/processed/core4d/unitree_g1/humanoid_object/dcv3_omnirt_v1_ref_fk_box001_20231003_1_039_p1/0/trajectory_kinematic.npz | FG7: 126 | FH7: left_ankle_roll_link,right_ankle_roll_link,left_wrist_yaw_link,right_wrist_yaw_link | FI7: body_z_err_p95_m | FJ7: 0.2 | FK7: 0.12844778 | FL7: 0.074186016 | FM7: 0 | FN7: 1 | FO7: 0.78620653 | FP7: 0.60243941 | FQ7: 0.24404762 | FR7: 0 | FS7: 0.78314906 | FT7: 0.60176133 | FU7: 1 | FV7: 9.0444871 | FW7: 261.80687 | FX7: 0.020766306 | FY7: 1 | FZ7: 21 | GA7: 1 | GB7: PENDING_EVALUATION | GC7: 0.93199012 | GD7: 0.95062934 | GE7: 0.95238095 | GF7: 0.95238095 | GG7: 0 | GH7: 0 | GI7: 0.042480943 | GJ7: 0.05170093 | GK7: 0.050030839 | GL7: 0.053945858 | GM7: 0.0028500684 | GN7: 8.4771054e-05 | GO7: 0.95238095 | GP7: 0.95238095 | GQ7: -0.033106666 | GR7: 1 | GS7: 1 | GT7: 0 | GU7: 0 | GV7: 1 | GW7: 1 | GX7: 1 | GY7: 1 | GZ7: 1 | HA7: 1 | HB7: 1 | HC7: 1 | HD7: 1 | HE7: 1 | HF7: 1 | HG7: 1 | HH7: 1 | HI7: 1 | HJ7: 1 | HL7: core4d-e194-g1-expansion-12gate-v1 | HM7: 1 | HN7: PRG | HO7: E173 | HP7: E173 | HQ7: 0 | HR7: omnirt_v1 | HS7: A0-source | HT7: A0-source | HU7: 90dd50afe3f4d15936bab2feaa61883f6c6c367b92af64a148082304595fe4db | HV7: 90dd50afe3f4d15936bab2feaa61883f6c6c367b92af64a148082304595fe4db | HW7: 03547b71aa503d7a8c5e39e982d5e245e6ee62e4d5a262bf4dc733cb9ef7f73c | HX7: e199d8f2f55179e98cef6cdbe52ebc954ba033d1ee4bd795756d850a309e94a0 | HY7: core4d-e154-physics-contact-v1 | HZ7: workspace/core4d/results/E173/s6_downstream/cem/full/E173_box001_20231003_1_039_p1_PRG.npz | IA7: workspace/core4d/results/E173/s6_downstream/cem/full/E173_box001_20231003_1_039_p1_PRG_outdir_full/trajectory_mjwp_act.npz | IB7: workspace/core4d/results/E173/s6_downstream/cem/full/E173_box001_20231003_1_039_p1_PRG_outdir_full/config_act.yaml | IC7: example_datasets/processed/core4d/unitree_g1/humanoid_object/dcv3_omnirt_v1_ref_fk_box001_20231003_1_039_p1/0/trajectory_kinematic.npz | ID7: workspace/core4d/results/E173/s3_retarget/omnirt_v1/ref_fk/results/omnirt_v1_ref_fk/contact_masks/dcv3_omnirt_v1_ref_fk_box001_20231003_1_039_p1/raw_contact_mask_3cm.npz
A8: box001_20231003_1_039_p1 | B8: E194_box001_20231003_1_039_p1_G1_expansion | C8: E167A_zOnlyBody_PRG_gravcomp_G1 | D8: rubber_hull | E8: box001 | H8: workspace/core4d/results/E194/s6_downstream/cem/full_g1_expansion/E194_box001_20231003_1_039_p1_G1_expansion_outdir/trajectory_mjwp_act.npz | I8: example_datasets/processed/core4d/unitree_g1/humanoid_object/dcv3_omnirt_v1_ref_fk_box001_20231003_1_039_p1/scene_act_E194_G1_expansion_rubberHull_PRG_gravcomp.xml | J8: 126 | K8: 4.2 | L8: 0.74443626 | M8: 0.78154904 | N8: 0 | O8: 1.9442819 | P8: 1.9266823 | Q8: 0.29246942 | R8: 0.44444444 | S8: 0.35714286 | T8: 0.031746032 | U8: 0 | V8: 0 | W8: 0.46825397 | X8: 0.37301587 | Y8: 0.44444444 | Z8: 0.46825397 | AA8: 0.023809524 | AB8: 0 | AC8: -0.0011736725 | AD8: -0.0039740523 | AE8: 0.1875 | AF8: 0.046875 | AG8: 0 | AH8: 0.095238095 | AI8: 0.023809524 | AJ8: 0 | AK8: 0.4112587 | AL8: 0 | AM8: 0 | AN8: 0 | AR8: 0 | AS8: 0 | AT8: 0 | AU8: 0 | AV8: 0 | AW8: 0 | AX8: 0 | AY8: 0.0091914424 | AZ8: 0.020734971 | BB8: 0.26984127 | BC8: 0.8015873 | BD8: 0.37301587 | BE8: 0.80952381 | BF8: 0.46825397 | BG8: 0.82539683 | BH8: 0.52380952 | BI8: 0.84126984 | BJ8: 0.14198915 | BK8: 0.063545318 | BL8: 0.11864771 | BM8: 0.04755202 | BN8: 0.45132364 | BO8: 0.33186259 | BP8: 0.011051265 | BQ8: 0.0038381958 | BR8: 3.6318917 | BS8: 13.738178 | BT8: 14.952632 | BU8: 14.198915 | BV8: 6.7980128 | BW8: 10.662013 | BX8: 3.2760677 | BY8: 8.3675979 | BZ8: 0.6984127 | CA8: 0.56818182 | CB8: 0.43181818 | CC8: 0.53409091 | CD8: 0.56818182 | CE8: 0.6984127 | CF8: 5 | CG8: 0 | CH8: 0.56818182 | CI8: 0.53409091 | CJ8: 0.56818182 | CK8: 0.23684211 | CL8: 0.23684211 | CM8: 0.23684211 | CN8: 0.23684211 | CO8: 0 | CP8: 0 | CQ8: 0 | CR8: 0 | CS8: 0.42857143 | CT8: 0.42857143 | CU8: 0.42857143 | CV8: 0.42857143 | CW8: 0.045454545 | CX8: 0 | CY8: 0.0077901064 | CZ8: -0.050487868 | DA8: 9.0026486 | DB8: -0.017710882 | DC8: 16.833625 | DD8: 0.16998657 | DE8: 0.47619048 | DF8: -0.022353104 | DG8: -0.056152934 | DH8: 3.3799831 | DI8: 118.20628 | DJ8: 65.731274 | DK8: 18.694898 | DL8: 49.05 | DM8: 0.70634921 | DN8: 0.66666667 | DO8: -0.012798915 | DP8: 0 | DQ8: 0 | DR8: 0 | DS8: 0 | DT8: 0 | DU8: 0 | DV8: 5 | DW8: 0.2511|0.3132|0.4063 | DX8: 0.406307 | DY8: -0.018319116 | DZ8: 0.83093312 | EO8: 6.4072137 | EP8: 78.002236 | EQ8: 1735.1492 | ER8: 3.6422253 | ES8: 3.6422253 | ET8: 1.7702433 | EU8: 40.604841 | EV8: 40.604841 | EW8: 590.91256 | EX8: 757.31965 | EY8: 1.2428421 | EZ8: 0.66050652 | FA8: 0.049866821 | FB8: 1 | FC8: 0 | FD8: 0 | FE8: fixed_kinematic_trajectory | FF8: example_datasets/processed/core4d/unitree_g1/humanoid_object/dcv3_omnirt_v1_ref_fk_box001_20231003_1_039_p1/0/trajectory_kinematic.npz | FG8: 126 | FH8: left_ankle_roll_link,right_ankle_roll_link,left_wrist_yaw_link,right_wrist_yaw_link | FI8: body_z_err_p95_m | FJ8: 0.2 | FK8: 0.12418888 | FL8: 0.075799236 | FM8: 0 | FN8: 1 | FO8: 0.64117682 | FP8: 0.40347714 | FQ8: 0.083333333 | FR8: 0 | FS8: 0.63701373 | FT8: 0.40230637 | FU8: 1 | FV8: 9.191112 | FW8: 301.88865 | FX8: 0.018431972 | FY8: 1 | FZ8: 21 | GA8: 1 | GB8: PENDING_EVALUATION | GC8: 0.95143999 | GD8: 0.95238095 | GE8: 0.95238095 | GF8: 0.95238095 | GG8: 0 | GH8: 0 | GI8: 0.070804074 | GJ8: 0.087389231 | GK8: 0.08361718 | GL8: 0.089813932 | GM8: 8.0022865e-05 | GN8: 0 | GO8: 0.95238095 | GP8: 0.95238095 | GQ8: -0.027388271 | GR8: 1 | GS8: 1 | GT8: 0 | GU8: 0 | GV8: 1 | GW8: 1 | GX8: 1 | GY8: 0 | GZ8: 1 | HA8: 1 | HB8: 1 | HC8: 1 | HD8: 1 | HE8: 1 | HF8: 1 | HG8: 1 | HH8: 0 | HI8: 0 | HJ8: 0 | HK8: release | HL8: core4d-e194-g1-expansion-12gate-v1 | HM8: 1 | HN8: G1_contaminated | HO8: E173 | HP8: E173 | HQ8: 0 | HR8: omnirt_v1 | HS8: local-gpu0 | HT8: local-gpu0 | HU8: c6d5417deeaa3e4d842d80eb9360340b0ff269d66a785573d2f9b7c066035a96 | HV8: c6d5417deeaa3e4d842d80eb9360340b0ff269d66a785573d2f9b7c066035a96 | HW8: 977b508af57d7efc505715d87d07d63db3c9a5fd36ebe948a72d0894fb186a38 | HX8: e199d8f2f55179e98cef6cdbe52ebc954ba033d1ee4bd795756d850a309e94a0 | HY8: core4d-e154-physics-contact-v1 | HZ8: workspace/core4d/results/E194/s6_downstream/cem/full_g1_expansion/E194_box001_20231003_1_039_p1_G1_expansion.npz | IA8: workspace/core4d/results/E194/s6_downstream/cem/full_g1_expansion/E194_box001_20231003_1_039_p1_G1_expansion_outdir/trajectory_mjwp_act.npz | IB8: workspace/core4d/results/E194/s6_downstream/cem/full_g1_expansion/E194_box001_20231003_1_039_p1_G1_expansion_outdir/config_act.yaml | IC8: example_datasets/processed/core4d/unitree_g1/humanoid_object/dcv3_omnirt_v1_ref_fk_box001_20231003_1_039_p1/0/trajectory_kinematic.npz | ID8: workspace/core4d/results/E173/s3_retarget/omnirt_v1/ref_fk/results/omnirt_v1_ref_fk/contact_masks/dcv3_omnirt_v1_ref_fk_box001_20231003_1_039_p1/raw_contact_mask_3cm.npz
A9: box001_20231003_1_041_p1 | B9: E173_box001_20231003_1_041_p1_PRG | C9: E173_E170PRG_crossObject_candidate_r1 | D9: rubber_hull | E9: box001 | H9: workspace/core4d/results/E173/s6_downstream/cem/full/E173_box001_20231003_1_041_p1_PRG_outdir_full/trajectory_mjwp_act.npz | I9: example_datasets/processed/core4d/unitree_g1/humanoid_object/dcv3_omnirt_v2_ref_fk_box001_20231003_1_041_p1/scene_act_E173_rubberHull_PRG.xml | J9: 147 | K9: 4.9 | L9: 0.75559449 | M9: 0.81761527 | N9: 0 | O9: 2.1649678 | P9: 1.8762119 | Q9: 0.59892485 | R9: 0.39455782 | S9: 0.36054422 | T9: 0.034013605 | U9: 0.0068027211 | V9: 0 | W9: 0.75510204 | X9: 0.16326531 | Y9: 0.28571429 | Z9: 0.54421769 | AA9: 0.46938776 | AB9: 0.21088435 | AC9: -0.0037410689 | AD9: -0.012830547 | AE9: 0.74675325 | AF9: 0.55194805 | AG9: 0.24025974 | AH9: 0.59183673 | AI9: 0.46938776 | AJ9: 0.21088435 | AK9: 0.40804896 | AL9: 0 | AM9: 0 | AN9: 0 | AR9: 0 | AS9: 0.054421769 | AT9: 0 | AU9: 0 | AV9: 0 | AW9: 0 | AX9: 0 | AY9: 0.0093125931 | AZ9: 0.025105661 | BB9: 0.19727891 | BC9: 0.89115646 | BD9: 0.34013605 | BE9: 0.92517007 | BF9: 0.55102041 | BG9: 0.97278912 | BH9: 0.78911565 | BI9: 0.97959184 | BJ9: 0.19918623 | BK9: 0.09049579 | BL9: 0.15806362 | BM9: 0.06467901 | BN9: 0.44878142 | BO9: 0.32369643 | BP9: 0.0088309784 | BQ9: 0.003506243 | BR9: 3.6355974 | BS9: 18.556064 | BT9: 18.935392 | BU9: 19.918623 | BV9: 9.056378 | BW9: 13.805289 | BX9: 7.3001273 | BY9: 9.8287625 | BZ9: 0.78911565 | CA9: 0.89655172 | CB9: 0.20689655 | CC9: 0.34482759 | CD9: 0.65517241 | CE9: 0.78911565 | CF9: 5 | CG9: 0 | CH9: 0.89655172 | CI9: 0.34482759 | CJ9: 0.65517241 | CK9: 0.22580645 | CL9: 0 | CM9: 0.064516129 | CN9: 0.12903226 | CO9: 0.3125 | CP9: 0 | CQ9: 0.125 | CR9: 0.1875 | CS9: 0.13333333 | CT9: 0 | CU9: 0 | CV9: 0.066666667 | CW9: 0.025862069 | CX9: 0 | CY9: -0.053663379 | CZ9: -0.17815677 | DA9: 10.560535 | DB9: -0.097770487 | DC9: 15.334499 | DD9: 0.408832 | DE9: 0.61904762 | DF9: -0.066363446 | DG9: -0.13575107 | DH9: 6.9387628 | DI9: 168.62846 | DJ9: 109.6556 | DK9: 21.989318 | DL9: 49.05 | DM9: 0.63265306 | DN9: 0.55782313 | DO9: -0.012777929 | DP9: 0 | DQ9: 0.095238095 | DR9: 0.047619048 | DS9: 0.013605442 | DT9: 0 | DU9: 0 | DV9: 5 | DW9: 0.2511|0.3132|0.4063 | DX9: 0.406307 | DY9: 0.013591813 | DZ9: 0.79902219 | EO9: 6.7489013 | EP9: 79.156022 | EQ9: 1797.1502 | ER9: 4.3647293 | ES9: 4.3647293 | ET9: 1.9514267 | EU9: 92.516543 | EV9: 92.516543 | EW9: 521.64536 | EX9: 639.42271 | EY9: 1.4789755 | EZ9: 1.709946 | FA9: 0.049517997 | FB9: 0.98639456 | FC9: 0 | FD9: 0 | FE9: fixed_kinematic_trajectory | FF9: example_datasets/processed/core4d/unitree_g1/humanoid_object/dcv3_omnirt_v2_ref_fk_box001_20231003_1_041_p1/0/trajectory_kinematic.npz | FG9: 147 | FH9: left_ankle_roll_link,right_ankle_roll_link,left_wrist_yaw_link,right_wrist_yaw_link | FI9: body_z_err_p95_m | FJ9: 0.2 | FK9: 0.17555181 | FL9: 0.089447141 | FM9: 0 | FN9: 1 | FO9: 0.75077339 | FP9: 0.56158386 | FQ9: 0.30102041 | FR9: 0 | FS9: 0.75048607 | FT9: 0.56057165 | FU9: 1 | FV9: 7.7155713 | FW9: 217.60207 | FX9: 0.017064843 | FY9: 1 | FZ9: 15 | GA9: 1 | GB9: PENDING_EVALUATION | GC9: 0.95125118 | GD9: 0.95917039 | GE9: 0.95918367 | GF9: 0.95918367 | GG9: 0 | GH9: 0 | GI9: 0.027480486 | GJ9: 0.035521173 | GK9: 0.033506022 | GL9: 0.037099136 | GM9: 0.00064753408 | GN9: 2.7680344e-07 | GO9: 0.95918367 | GP9: 0.95918367 | GQ9: -0.023561075 | GR9: 1 | GS9: 1 | GT9: 0 | GU9: 0 | GV9: 1 | GW9: 1 | GX9: 1 | GY9: 1 | GZ9: 0 | HA9: 1 | HB9: 1 | HC9: 1 | HD9: 1 | HE9: 1 | HF9: 1 | HG9: 1 | HH9: 0 | HI9: 0 | HJ9: 0 | HK9: hand_penetration | HL9: core4d-e194-g1-expansion-12gate-v1 | HM9: 1 | HN9: PRG | HO9: E173 | HP9: E173 | HQ9: 0 | HR9: omnirt_v2 | HS9: A0-source | HT9: A0-source | HU9: 3f63570db24a69961a2e6791d3325f5f15edf810af57d98d5902bce3787b77e2 | HV9: 3f63570db24a69961a2e6791d3325f5f15edf810af57d98d5902bce3787b77e2 | HW9: ceb3ff107335f4bb07c820bd5d1c74d9e1135d2bd2fcf2aa76d79039bee0f943 | HX9: 34765c4de314ed17edd53a2afab0aa18abd0315f6298cb459594aa75bf36f3b7 | HY9: core4d-e154-physics-contact-v1 | HZ9: workspace/core4d/results/E173/s6_downstream/cem/full/E173_box001_20231003_1_041_p1_PRG.npz | IA9: workspace/core4d/results/E173/s6_downstream/cem/full/E173_box001_20231003_1_041_p1_PRG_outdir_full/trajectory_mjwp_act.npz | IB9: workspace/core4d/results/E173/s6_downstream/cem/full/E173_box001_20231003_1_041_p1_PRG_outdir_full/config_act.yaml | IC9: example_datasets/processed/core4d/unitree_g1/humanoid_object/dcv3_omnirt_v2_ref_fk_box001_20231003_1_041_p1/0/trajectory_kinematic.npz | ID9: workspace/core4d/results/E173/s3_retarget/omnirt_v2/ref_fk/results/omnirt_v2_ref_fk/contact_masks/dcv3_omnirt_v2_ref_fk_box001_20231003_1_041_p1/raw_contact_mask_3cm.npz
A10: box001_20231003_1_041_p1 | B10: E194_box001_20231003_1_041_p1_G1_expansion | C10: E167A_zOnlyBody_PRG_gravcomp_G1 | D10: rubber_hull | E10: box001 | H10: workspace/core4d/results/E194/s6_downstream/cem/full_g1_expansion/E194_box001_20231003_1_041_p1_G1_expansion_outdir/trajectory_mjwp_act.npz | I10: example_datasets/processed/core4d/unitree_g1/humanoid_object/dcv3_omnirt_v2_ref_fk_box001_20231003_1_041_p1/scene_act_E194_G1_expansion_rubberHull_PRG_gravcomp.xml | J10: 147 | K10: 4.9 | L10: 0.74363768 | M10: 0.80100852 | N10: 0 | O10: 2.0324016 | P10: 1.8648574 | Q10: 0.68959491 | R10: 0.28571429 | S10: 0.34013605 | T10: 0.088435374 | U10: 0.013605442 | V10: 0 | W10: 0.59863946 | X10: 0.29251701 | Y10: 0.39455782 | Z10: 0.52380952 | AA10: 0.20408163 | AB10: 0.074829932 | AC10: -0.0025332667 | AD10: -0.0092197976 | AE10: 0.4950495 | AF10: 0.32673267 | AG10: 0.10891089 | AH10: 0.30612245 | AI10: 0.20408163 | AJ10: 0.074829932 | AK10: 0.45570176 | AL10: 0 | AM10: 0 | AN10: 0 | AR10: 0 | AS10: 0.013605442 | AT10: 0 | AU10: 0 | AV10: 0 | AW10: 0 | AX10: 0 | AY10: 0.0098188189 | AZ10: 0.024908656 | BB10: 0.081632653 | BC10: 0.89795918 | BD10: 0.23809524 | BE10: 0.92517007 | BF10: 0.63945578 | BG10: 0.95918367 | BH10: 0.7755102 | BI10: 1 | BJ10: 0.19854506 | BK10: 0.12849275 | BL10: 0.15640022 | BM10: 0.10493375 | BN10: 0.51494384 | BO10: 0.55975821 | BP10: 0.01048208 | BQ10: 0.015423352 | BR10: 4.2039161 | BS10: 17.287333 | BT10: 19.202461 | BU10: 19.854506 | BV10: 8.9610725 | BW10: 11.512618 | BX10: 5.3947611 | BY10: 9.6779965 | BZ10: 0.78911565 | CA10: 0.71551724 | CB10: 0.36206897 | CC10: 0.48275862 | CD10: 0.64655172 | CE10: 0.78911565 | CF10: 5 | CG10: 0 | CH10: 0.71551724 | CI10: 0.48275862 | CJ10: 0.64655172 | CK10: 0.16129032 | CL10: 0.032258065 | CM10: 0.064516129 | CN10: 0.064516129 | CO10: 0.3125 | CP10: 0.0625 | CQ10: 0.125 | CR10: 0.125 | CS10: 0 | CT10: 0 | CU10: 0 | CV10: 0 | CW10: 0.086206897 | CX10: 0 | CY10: -0.00014406489 | CZ10: -0.089421225 | DA10: 9.1603135 | DB10: -0.019232265 | DC10: 13.589944 | DD10: 0.33397658 | DE10: 0.61904762 | DF10: 0.024648666 | DG10: -0.042811066 | DH10: 6.7459733 | DI10: 141.0129 | DJ10: 57.212994 | DK10: 17.561171 | DL10: 49.05 | DM10: 0.63265306 | DN10: 0.55782313 | DO10: -0.012777929 | DP10: 0 | DQ10: 0.027210884 | DR10: 0 | DS10: 0 | DT10: 0 | DU10: 0 | DV10: 5 | DW10: 0.2511|0.3132|0.4063 | DX10: 0.406307 | DY10: 0.013591813 | DZ10: 0.79902219 | EO10: 7.6158697 | EP10: 92.180571 | EQ10: 1996.863 | ER10: 4.454766 | ES10: 4.454766 | ET10: 2.1233166 | EU10: 53.090487 | EV10: 53.090487 | EW10: 593.69012 | EX10: 733.39452 | EY10: 1.4945114 | EZ10: 0.59425942 | FA10: 0.049951871 | FB10: 0.97278912 | FC10: 0 | FD10: 0 | FE10: fixed_kinematic_trajectory | FF10: example_datasets/processed/core4d/unitree_g1/humanoid_object/dcv3_omnirt_v2_ref_fk_box001_20231003_1_041_p1/0/trajectory_kinematic.npz | FG10: 147 | FH10: left_ankle_roll_link,right_ankle_roll_link,left_wrist_yaw_link,right_wrist_yaw_link | FI10: body_z_err_p95_m | FJ10: 0.2 | FK10: 0.11881258 | FL10: 0.071470983 | FM10: 0 | FN10: 1 | FO10: 0.76930025 | FP10: 0.63305126 | FQ10: 0.28571429 | FR10: 0 | FS10: 0.76672799 | FT10: 0.63132847 | FU10: 1 | FV10: 9.581736 | FW10: 322.79235 | FX10: 0.018554726 | FY10: 1 | FZ10: 15 | GA10: 1 | GB10: PENDING_EVALUATION | GC10: 0.95243451 | GD10: 0.95838648 | GE10: 0.95917951 | GF10: 0.95918367 | GG10: 0 | GH10: 0 | GI10: 0.047409924 | GJ10: 0.057224462 | GK10: 0.0549734 | GL10: 0.059448236 | GM10: 0.00021479082 | GN10: 1.6608206e-05 | GO10: 0.95897109 | GP10: 0.95918367 | GQ10: -0.028043039 | GR10: 1 | GS10: 1 | GT10: 0 | GU10: 0 | GV10: 1 | GW10: 1 | GX10: 1 | GY10: 1 | GZ10: 1 | HA10: 1 | HB10: 1 | HC10: 1 | HD10: 1 | HE10: 1 | HF10: 1 | HG10: 1 | HH10: 1 | HI10: 1 | HJ10: 1 | HL10: core4d-e194-g1-expansion-12gate-v1 | HM10: 1 | HN10: G1_contaminated | HO10: E173 | HP10: E173 | HQ10: 0 | HR10: omnirt_v2 | HS10: local-gpu0 | HT10: local-gpu0 | HU10: 6b0f50fc10e9c90e4b2fdad724501ac9d50cf2940780d4b3e64c2ea10a2500f8 | HV10: 6b0f50fc10e9c90e4b2fdad724501ac9d50cf2940780d4b3e64c2ea10a2500f8 | HW10: 8ac0a17569c29148af7a002b353f8a237ac6282dce2ba040fbab7bc3f36afb88 | HX10: 34765c4de314ed17edd53a2afab0aa18abd0315f6298cb459594aa75bf36f3b7 | HY10: core4d-e154-physics-contact-v1 | HZ10: workspace/core4d/results/E194/s6_downstream/cem/full_g1_expansion/E194_box001_20231003_1_041_p1_G1_expansion.npz | IA10: workspace/core4d/results/E194/s6_downstream/cem/full_g1_expansion/E194_box001_20231003_1_041_p1_G1_expansion_outdir/trajectory_mjwp_act.npz | IB10: workspace/core4d/results/E194/s6_downstream/cem/full_g1_expansion/E194_box001_20231003_1_041_p1_G1_expansion_outdir/config_act.yaml | IC10: example_datasets/processed/core4d/unitree_g1/humanoid_object/dcv3_omnirt_v2_ref_fk_box001_20231003_1_041_p1/0/trajectory_kinematic.npz | ID10: workspace/core4d/results/E173/s3_retarget/omnirt_v2/ref_fk/results/omnirt_v2_ref_fk/contact_masks/dcv3_omnirt_v2_ref_fk_box001_20231003_1_041_p1/raw_contact_mask_3cm.npz
A11: box001_20231003_2_037_p1 | B11: E173_box001_20231003_2_037_p1_PRG | C11: E173_E170PRG_crossObject_candidate_r1 | D11: rubber_hull | E11: box001 | H11: workspace/core4d/results/E173/s6_downstream/cem/full/E173_box001_20231003_2_037_p1_PRG_outdir_full/trajectory_mjwp_act.npz | I11: example_datasets/processed/core4d/unitree_g1/humanoid_object/dcv3_omnirt_v1_ref_fk_box001_20231003_2_037_p1/scene_act_E173_rubberHull_PRG.xml | J11: 110 | K11: 3.6666667 | L11: 0.75310701 | M11: 0.81664193 | N11: 0 | O11: 1.5970829 | P11: 1.5542973 | Q11: 0.1542589 | R11: 0.46363636 | S11: 0.30909091 | T11: 0.0090909091 | U11: 0 | V11: 0 | W11: 0.71818182 | X11: 0.2 | Y11: 0.30909091 | Z11: 0.53636364 | AA11: 0.40909091 | AB11: 0.18181818 | AC11: -0.0033806856 | AD11: -0.0075963778 | AE11: 0.69565217 | AF11: 0.55434783 | AG11: 0.23913043 | AH11: 0.51818182 | AI11: 0.40909091 | AJ11: 0.18181818 | AK11: 0.43087915 | AL11: 0 | AM11: 0 | AN11: 0 | AR11: 0 | AS11: 0.13636364 | AT11: 0 | AU11: 0 | AV11: 0 | AW11: 0 | AX11: 0 | AY11: 0.0076654021 | AZ11: 0.018936543 | BB11: 0.67272727 | BC11: 0.78181818 | BD11: 0.7 | BE11: 0.79090909 | BF11: 0.71818182 | BG11: 0.82727273 | BH11: 0.76363636 | BI11: 0.91818182 | BJ11: 0.11643287 | BK11: 0.039655491 | BL11: 0.13278666 | BM11: 0.045857436 | BN11: 0.45525467 | BO11: 0.35599009 | BP11: 0.01391039 | BQ11: 0.016111381 | BR11: 3.6276502 | BS11: 12.274007 | BT11: 15.670411 | BU11: 11.643287 | BV11: 7.6081154 | BW11: 10.450226 | BX11: 4.8683223 | BY11: 6.6923908 | BZ11: 0.72727273 | CA11: 0.95 | CB11: 0.2375 | CC11: 0.3875 | CD11: 0.7 | CE11: 0.72727273 | CF11: 5 | CG11: 0 | CH11: 0.95 | CI11: 0.3875 | CJ11: 0.7 | CK11: 0.1 | CL11: 0.1 | CM11: 0.1 | CN11: 0.1 | CO11: 0 | CP11: 0 | CQ11: 0 | CR11: 0 | CS11: 0.23076923 | CT11: 0.23076923 | CU11: 0.23076923 | CV11: 0.23076923 | CW11: 0.0125 | CX11: 0 | CY11: -0.033078524 | CZ11: -0.11170416 | DA11: 8.6394806 | DB11: -0.077100754 | DC11: 13.998405 | DD11: 0.35516421 | DE11: 0.52727273 | DF11: -0.065809573 | DG11: -0.10310942 | DH11: 3.7299851 | DI11: 109.21129 | DJ11: 78.348714 | DK11: 12.183501 | DL11: 49.05 | DM11: 0.64545455 | DN11: 0.36363636 | DO11: -0.01011964 | DP11: 0 | DQ11: 0 | DR11: 0 | DS11: 0 | DT11: 0 | DU11: 0 | DV11: 5 | DW11: 0.2511|0.3132|0.4063 | DX11: 0.406307 | DY11: 0.03187306 | DZ11: 0.78074094 | EO11: 5.8603699 | EP11: 78.477752 | EQ11: 1873.4235 | ER11: 4.3043629 | ES11: 4.3043629 | ET11: 1.6076861 | EU11: 54.393175 | EV11: 54.393175 | EW11: 516.43592 | EX11: 661.31236 | EY11: 1.1348073 | EZ11: 0.88433571 | FA11: 0.049913123 | FB11: 1 | FC11: 0 | FD11: 0 | FE11: fixed_kinematic_trajectory | FF11: example_datasets/processed/core4d/unitree_g1/humanoid_object/dcv3_omnirt_v1_ref_fk_box001_20231003_2_037_p1/0/trajectory_kinematic.npz | FG11: 110 | FH11: left_ankle_roll_link,right_ankle_roll_link,left_wrist_yaw_link,right_wrist_yaw_link | FI11: body_z_err_p95_m | FJ11: 0.2 | FK11: 0.14597866 | FL11: 0.089609029 | FM11: 0 | FN11: 1 | FO11: 0.59778298 | FP11: 0.42603598 | FQ11: 0.10681818 | FR11: 0 | FS11: 0.59319506 | FT11: 0.42592965 | FU11: 1 | FV11: 6.9815444 | FW11: 215.20837 | FX11: 0.013704454 | FY11: 1 | FZ11: 13 | GA11: 1 | GB11: PENDING_EVALUATION | GC11: 0.87634915 | GD11: 0.91240234 | GE11: 0.91800635 | GF11: 0.91818182 | GG11: 0.027272727 | GH11: 0.027272727 | GI11: 0.037754385 | GJ11: 0.047384244 | GK11: 0.045284151 | GL11: 0.050291518 | GM11: 0.0074052467 | GN11: 0.0019967744 | GO11: 0.91789773 | GP11: 0.91818182 | GQ11: -0.035970647 | GR11: 1 | GS11: 1 | GT11: 0 | GU11: 0 | GV11: 1 | GW11: 1 | GX11: 1 | GY11: 1 | GZ11: 0 | HA11: 1 | HB11: 1 | HC11: 1 | HD11: 1 | HE11: 1 | HF11: 1 | HG11: 1 | HH11: 0 | HI11: 0 | HJ11: 0 | HK11: hand_penetration | HL11: core4d-e194-g1-expansion-12gate-v1 | HM11: 1 | HN11: PRG | HO11: E173 | HP11: E173 | HQ11: 0 | HR11: omnirt_v1 | HS11: A0-source | HT11: A0-source | HU11: d4682f5f2ced19488984a944d1457e41ef2225be7e747a29a638d1fd3528b101 | HV11: d4682f5f2ced19488984a944d1457e41ef2225be7e747a29a638d1fd3528b101 | HW11: 280a7a64984c689bbee036491a4c32955d4c1673a96e9dfe6c0dde4a586680f5 | HX11: 4539ce4f62042ec1e56efe17073715ad01b7c3a1e9fa7c9f1581c5ddeca5bd0d | HY11: core4d-e154-physics-contact-v1 | HZ11: workspace/core4d/results/E173/s6_downstream/cem/full/E173_box001_20231003_2_037_p1_PRG.npz | IA11: workspace/core4d/results/E173/s6_downstream/cem/full/E173_box001_20231003_2_037_p1_PRG_outdir_full/trajectory_mjwp_act.npz | IB11: workspace/core4d/results/E173/s6_downstream/cem/full/E173_box001_20231003_2_037_p1_PRG_outdir_full/config_act.yaml | IC11: example_datasets/processed/core4d/unitree_g1/humanoid_object/dcv3_omnirt_v1_ref_fk_box001_20231003_2_037_p1/0/trajectory_kinematic.npz | ID11: workspace/core4d/results/E173/s3_retarget/omnirt_v1/ref_fk/results/omnirt_v1_ref_fk/contact_masks/dcv3_omnirt_v1_ref_fk_box001_20231003_2_037_p1/raw_contact_mask_3cm.npz
A12: box001_20231003_2_037_p1 | B12: E194_box001_20231003_2_037_p1_G1_expansion | C12: E167A_zOnlyBody_PRG_gravcomp_G1 | D12: rubber_hull | E12: box001 | H12: workspace/core4d/results/E194/s6_downstream/cem/full_g1_expansion/E194_box001_20231003_2_037_p1_G1_expansion_outdir/trajectory_mjwp_act.npz | I12: example_datasets/processed/core4d/unitree_g1/humanoid_object/dcv3_omnirt_v1_ref_fk_box001_20231003_2_037_p1/scene_act_E194_G1_expansion_rubberHull_PRG_gravcomp.xml | J12: 110 | K12: 3.6666667 | L12: 0.75033903 | M12: 0.81117666 | N12: 0 | O12: 1.5879996 | P12: 1.5669846 | Q12: 0.21913149 | R12: 0.36363636 | S12: 0.35454545 | T12: 0.036363636 | U12: 0 | V12: 0 | W12: 0.56363636 | X12: 0.29090909 | Y12: 0.34545455 | Z12: 0.44545455 | AA12: 0.21818182 | AB12: 0.11818182 | AC12: -0.0031646589 | AD12: -0.0092073527 | AE12: 0.5875 | AF12: 0.5125 | AG12: 0.2 | AH12: 0.27272727 | AI12: 0.21818182 | AJ12: 0.11818182 | AK12: 0.44237098 | AL12: 0 | AM12: 0 | AN12: 0 | AR12: 0 | AS12: 0.1 | AT12: 0 | AU12: 0 | AV12: 0 | AW12: 0 | AX12: 0 | AY12: 0.0083620544 | AZ12: 0.019162131 | BB12: 0.20909091 | BC12: 0.77272727 | BD12: 0.49090909 | BE12: 0.78181818 | BF12: 0.61818182 | BG12: 0.81818182 | BH12: 0.72727273 | BI12: 0.92727273 | BJ12: 0.15286833 | BK12: 0.037549366 | BL12: 0.1153025 | BM12: 0.057239251 | BN12: 0.46835681 | BO12: 0.45355938 | BP12: 0.010410281 | BQ12: 0.012586999 | BR12: 3.7316033 | BS12: 14.004426 | BT12: 18.346617 | BU12: 15.286833 | BV12: 6.6063465 | BW12: 9.4323787 | BX12: 3.3175269 | BY12: 5.7853568 | BZ12: 0.72727273 | CA12: 0.75 | CB12: 0.375 | CC12: 0.45 | CD12: 0.5875 | CE12: 0.72727273 | CF12: 5 | CG12: 0 | CH12: 0.75 | CI12: 0.45 | CJ12: 0.5875 | CK12: 0.066666667 | CL12: 0.066666667 | CM12: 0.066666667 | CN12: 0.066666667 | CO12: 0 | CP12: 0 | CQ12: 0 | CR12: 0 | CS12: 0.15384615 | CT12: 0.15384615 | CU12: 0.15384615 | CV12: 0.15384615 | CW12: 0.05 | CX12: 0 | CY12: 0.011657579 | CZ12: -0.050185237 | DA12: 7.8269606 | DB12: -0.0012467703 | DC12: 13.93834 | DD12: 0.21800477 | DE12: 0.52727273 | DF12: -0.014199866 | DG12: -0.018944316 | DH12: 0.47444502 | DI12: 104.94784 | DJ12: 50.909923 | DK12: 13.277596 | DL12: 49.05 | DM12: 0.64545455 | DN12: 0.36363636 | DO12: -0.01011964 | DP12: 0 | DQ12: 0.027272727 | DR12: 0 | DS12: 0 | DT12: 0 | DU12: 0 | DV12: 5 | DW12: 0.2511|0.3132|0.4063 | DX12: 0.406307 | DY12: 0.03187306 | DZ12: 0.78074094 | EO12: 5.5084252 | EP12: 70.285561 | EQ12: 1706.1498 | ER12: 4.3407053 | ES12: 4.3407053 | ET12: 1.597515 | EU12: 41.937128 | EV12: 41.937128 | EW12: 477.18327 | EX12: 565.17168 | EY12: 1.1367515 | EZ12: 0.60366076 | FA12: 0.049623927 | FB12: 1 | FC12: 0 | FD12: 0 | FE12: fixed_kinematic_trajectory | FF12: example_datasets/processed/core4d/unitree_g1/humanoid_object/dcv3_omnirt_v1_ref_fk_box001_20231003_2_037_p1/0/trajectory_kinematic.npz | FG12: 110 | FH12: left_ankle_roll_link,right_ankle_roll_link,left_wrist_yaw_link,right_wrist_yaw_link | FI12: body_z_err_p95_m | FJ12: 0.2 | FK12: 0.1009204 | FL12: 0.063262604 | FM12: 0 | FN12: 1 | FO12: 0.68491987 | FP12: 0.55385591 | FQ12: 0.18863636 | FR12: 0 | FS12: 0.68275026 | FT12: 0.55381946 | FU12: 1 | FV12: 7.1169287 | FW12: 278.1921 | FX12: 0.014925099 | FY12: 1 | FZ12: 13 | GA12: 1 | GB12: PENDING_EVALUATION | GC12: 0.94290078 | GD12: 0.94545455 | GE12: 0.94545455 | GF12: 0.94545455 | GG12: 0 | GH12: 0 | GI12: 0.077019767 | GJ12: 0.093656769 | GK12: 0.089731282 | GL12: 0.095498608 | GM12: 0.00021224167 | GN12: 0 | GO12: 0.94545455 | GP12: 0.94545455 | GQ12: -0.035209443 | GR12: 1 | GS12: 1 | GT12: 0 | GU12: 0 | GV12: 1 | GW12: 1 | GX12: 1 | GY12: 1 | GZ12: 1 | HA12: 1 | HB12: 1 | HC12: 1 | HD12: 1 | HE12: 1 | HF12: 1 | HG12: 1 | HH12: 1 | HI12: 1 | HJ12: 1 | HL12: core4d-e194-g1-expansion-12gate-v1 | HM12: 1 | HN12: G1_contaminated | HO12: E173 | HP12: E173 | HQ12: 0 | HR12: omnirt_v1 | HS12: local-gpu0 | HT12: local-gpu0 | HU12: 6bf23c1b3a66723b7c9479f48fb29e00fdc5d798c3c18f362076a3811adedc93 | HV12: 6bf23c1b3a66723b7c9479f48fb29e00fdc5d798c3c18f362076a3811adedc93 | HW12: 3e9a3d684b9568960895d3413fa44b52ab3035018eb9c3823419a7606949f891 | HX12: 4539ce4f62042ec1e56efe17073715ad01b7c3a1e9fa7c9f1581c5ddeca5bd0d | HY12: core4d-e154-physics-contact-v1 | HZ12: workspace/core4d/results/E194/s6_downstream/cem/full_g1_expansion/E194_box001_20231003_2_037_p1_G1_expansion.npz | IA12: workspace/core4d/results/E194/s6_downstream/cem/full_g1_expansion/E194_box001_20231003_2_037_p1_G1_expansion_outdir/trajectory_mjwp_act.npz | IB12: workspace/core4d/results/E194/s6_downstream/cem/full_g1_expansion/E194_box001_20231003_2_037_p1_G1_expansion_outdir/config_act.yaml | IC12: example_datasets/processed/core4d/unitree_g1/humanoid_object/dcv3_omnirt_v1_ref_fk_box001_20231003_2_037_p1/0/trajectory_kinematic.npz | ID12: workspace/core4d/results/E173/s3_retarget/omnirt_v1/ref_fk/results/omnirt_v1_ref_fk/contact_masks/dcv3_omnirt_v1_ref_fk_box001_20231003_2_037_p1/raw_contact_mask_3cm.npz
A13: box001_20231003_2_039_p1 | B13: E173_box001_20231003_2_039_p1_PRG | C13: E173_E170PRG_crossObject_candidate_r1 | D13: rubber_hull | E13: box001 | H13: workspace/core4d/results/E173/s6_downstream/cem/full/E173_box001_20231003_2_039_p1_PRG_outdir_full/trajectory_mjwp_act.npz | I13: example_datasets/processed/core4d/unitree_g1/humanoid_object/dcv3_omnirt_v2_ref_fk_box001_20231003_2_039_p1/scene_act_E173_rubberHull_PRG.xml | J13: 100 | K13: 3.3333333 | L13: 0.76369828 | M13: 0.80421221 | N13: 0 | O13: 0.58137654 | P13: 0.68666547 | Q13: 0.054712279 | R13: 0.71 | S13: 0.39 | T13: 0.01 | U13: 0.01 | V13: 0 | W13: 0.68 | X13: 0.31 | Y13: 0.42 | Z13: 0.51 | AA13: 0.26 | AB13: 0.17 | AC13: -0.0027465741 | AD13: -0.00669969 | AE13: 0.56410256 | AF13: 0.37179487 | AG13: 0.21794872 | AH13: 0.37 | AI13: 0.26 | AJ13: 0.17 | AK13: 0.45457058 | AL13: 0 | AM13: 0 | AN13: 0 | AR13: 0 | AS13: 0 | AT13: 0 | AU13: 0 | AV13: 0 | AW13: 0 | AX13: 0 | AY13: 0.0039545868 | AZ13: 0.01435807 | BB13: 0.64 | BC13: 0.73 | BD13: 0.66 | BE13: 0.83 | BF13: 0.68 | BG13: 0.98 | BH13: 0.7 | BI13: 0.99 | BJ13: 0.1039826 | BK13: 0.15865261 | BL13: 0.11126834 | BM13: 0.015829083 | BN13: 0.3889913 | BO13: 0.44026439 | BP13: 0.0089543478 | BQ13: 0.01124814 | BR13: 3.1058081 | BS13: 10.54065 | BT13: 16.862653 | BU13: 10.39826 | BV13: 6.3752065 | BW13: 8.1111628 | BX13: 3.6316735 | BY13: 5.752139 | BZ13: 0.63 | CA13: 0.98412698 | CB13: 0.46031746 | CC13: 0.61904762 | CD13: 0.74603175 | CE13: 0.63 | CF13: 5 | CG13: 0 | CH13: 0.98412698 | CI13: 0.61904762 | CJ13: 0.74603175 | CK13: 0.16216216 | CL13: 0.054054054 | CM13: 0.081081081 | CN13: 0.10810811 | CO13: 0 | CP13: 0 | CQ13: 0 | CR13: 0 | CS13: 0.28571429 | CT13: 0.095238095 | CU13: 0.14285714 | CV13: 0.19047619 | CW13: 0 | CX13: 0 | CY13: -0.0093514826 | CZ13: -0.098596533 | DA13: 6.9992994 | DB13: -0.075612872 | DC13: 10.840311 | DD13: 0.41090384 | DE13: 0.3 | DF13: -0.060671072 | DG13: -0.060412841 | DH13: -0.025823144 | DI13: 92.746591 | DJ13: 55.277244 | DK13: 6.9182035 | DL13: 49.05 | DM13: 0.65 | DN13: 0.44 | DO13: -0.0092686016 | DP13: 0 | DQ13: 0 | DR13: 0 | DS13: 0 | DT13: 0 | DU13: 0 | DV13: 5 | DW13: 0.2511|0.3132|0.4063 | DX13: 0.406307 | DY13: -0.00032828932 | DZ13: 0.81294229 | EO13: 5.5538354 | EP13: 62.975494 | EQ13: 1403.4258 | ER13: 2.2588027 | ES13: 2.2588027 | ET13: 1.4951703 | EU13: 25.780319 | EV13: 25.780319 | EW13: 255.63854 | EX13: 284.13377 | EY13: 0.8578939 | EZ13: 0.66095607 | FA13: 0.047435246 | FB13: 1 | FC13: 0 | FD13: 0 | FE13: fixed_kinematic_trajectory | FF13: example_datasets/processed/core4d/unitree_g1/humanoid_object/dcv3_omnirt_v2_ref_fk_box001_20231003_2_039_p1/0/trajectory_kinematic.npz | FG13: 100 | FH13: left_ankle_roll_link,right_ankle_roll_link,left_wrist_yaw_link,right_wrist_yaw_link | FI13: body_z_err_p95_m | FJ13: 0.2 | FK13: 0.11331248 | FL13: 0.075118071 | FM13: 0 | FN13: 1 | FO13: 0.51745658 | FP13: 0.3631303 | FQ13: 0.06 | FR13: 0 | FS13: 0.51534697 | FT13: 0.35875438 | FU13: 1 | FV13: 4.3017197 | FW13: 107.0902 | FX13: 0.0089857831 | FY13: 1 | FZ13: 21 | GA13: 1 | GB13: PENDING_EVALUATION | GC13: 0.93991943 | GD13: 0.94 | GE13: 0.94 | GF13: 0.94 | GG13: 0 | GH13: 0 | GI13: 0.073483686 | GJ13: 0.078533119 | GK13: 0.077439184 | GL13: 0.079168818 | GM13: 7.3051456e-06 | GN13: 0 | GO13: 0.94 | GP13: 0.94 | GQ13: -0.015691463 | GR13: 1 | GS13: 1 | GT13: 0 | GU13: 0 | GV13: 1 | GW13: 1 | GX13: 1 | GY13: 1 | GZ13: 1 | HA13: 1 | HB13: 1 | HC13: 1 | HD13: 1 | HE13: 1 | HF13: 1 | HG13: 1 | HH13: 1 | HI13: 1 | HJ13: 1 | HL13: core4d-e194-g1-expansion-12gate-v1 | HM13: 1 | HN13: PRG | HO13: E173 | HP13: E173 | HQ13: 0 | HR13: omnirt_v2 | HS13: A0-source | HT13: A0-source | HU13: 36c6c564b66c8797b6e89e043eb64919aadf1adbf9ab9ffc2439b8b465caaeef | HV13: 36c6c564b66c8797b6e89e043eb64919aadf1adbf9ab9ffc2439b8b465caaeef | HW13: 2f1d72827030002930e25599e3b9df81f5056cddd07274881d0736454a6d87ff | HX13: cc5a55ff79c38c04b222ef53f6191ef0425346977e29d65bdbedefea2df89a1f | HY13: core4d-e154-physics-contact-v1 | HZ13: workspace/core4d/results/E173/s6_downstream/cem/full/E173_box001_20231003_2_039_p1_PRG.npz | IA13: workspace/core4d/results/E173/s6_downstream/cem/full/E173_box001_20231003_2_039_p1_PRG_outdir_full/trajectory_mjwp_act.npz | IB13: workspace/core4d/results/E173/s6_downstream/cem/full/E173_box001_20231003_2_039_p1_PRG_outdir_full/config_act.yaml | IC13: example_datasets/processed/core4d/unitree_g1/humanoid_object/dcv3_omnirt_v2_ref_fk_box001_20231003_2_039_p1/0/trajectory_kinematic.npz | ID13: workspace/core4d/results/E173/s3_retarget/omnirt_v2/ref_fk/results/omnirt_v2_ref_fk/contact_masks/dcv3_omnirt_v2_ref_fk_box001_20231003_2_039_p1/raw_contact_mask_3cm.npz
A14: box001_20231003_2_039_p1 | B14: E194_box001_20231003_2_039_p1_G1_expansion | C14: E167A_zOnlyBody_PRG_gravcomp_G1 | D14: rubber_hull | E14: box001 | H14: workspace/core4d/results/E194/s6_downstream/cem/full_g1_expansion/E194_box001_20231003_2_039_p1_G1_expansion_outdir/trajectory_mjwp_act.npz | I14: example_datasets/processed/core4d/unitree_g1/humanoid_object/dcv3_omnirt_v2_ref_fk_box001_20231003_2_039_p1/scene_act_E194_G1_expansion_rubberHull_PRG_gravcomp.xml | J14: 100 | K14: 3.3333333 | L14: 0.76080334 | M14: 0.80483645 | N14: 0 | O14: 0.60908606 | P14: 0.70173981 | Q14: 0.1524767 | R14: 0.49 | S14: 0.14 | T14: 0.01 | U14: 0 | V14: 0 | W14: 0.63 | X14: 0.42 | Y14: 0.56 | Z14: 0.6 | AA14: 0.07 | AB14: 0.03 | AC14: -0.0017420091 | AD14: -0.0067017666 | AE14: 0.28378378 | AF14: 0.094594595 | AG14: 0.040540541 | AH14: 0.21 | AI14: 0.07 | AJ14: 0.03 | AK14: 0.46299998 | AL14: 0 | AM14: 0 | AN14: 0 | AR14: 0 | AS14: 0 | AT14: 0 | AU14: 0 | AV14: 0 | AW14: 0 | AX14: 0 | AY14: 0.0044884103 | AZ14: 0.013069432 | BB14: 0.58 | BC14: 0.75 | BD14: 0.67 | BE14: 0.85 | BF14: 0.7 | BG14: 0.98 | BH14: 0.72 | BI14: 1 | BJ14: 0.076810397 | BK14: 0.030137771 | BL14: 0.083174968 | BM14: 0.014845959 | BN14: 0.39780694 | BO14: 0.44456015 | BP14: 0.011233753 | BQ14: 0.015446099 | BR14: 3.1680248 | BS14: 7.832362 | BT14: 16.095122 | BU14: 7.6810397 | BV14: 4.7655746 | BW14: 5.9612545 | BX14: 3.1517478 | BY14: 4.379882 | BZ14: 0.63 | CA14: 0.93650794 | CB14: 0.6031746 | CC14: 0.82539683 | CD14: 0.88888889 | CE14: 0.63 | CF14: 5 | CG14: 0 | CH14: 0.93650794 | CI14: 0.82539683 | CJ14: 0.88888889 | CK14: 0.10810811 | CL14: 0.10810811 | CM14: 0.10810811 | CN14: 0.10810811 | CO14: 0 | CP14: 0 | CQ14: 0 | CR14: 0 | CS14: 0.19047619 | CT14: 0.19047619 | CU14: 0.19047619 | CV14: 0.19047619 | CW14: 0.015873016 | CX14: 0 | CY14: 0.015948992 | CZ14: -0.0297616 | DA14: 4.3202206 | DB14: -0.013461071 | DC14: 10.961604 | DD14: 0.25510448 | DE14: 0.3 | DF14: -0.010349984 | DG14: 0.0040286591 | DH14: -1.4378643 | DI14: 86.707403 | DJ14: 42.259184 | DK14: 5.7247328 | DL14: 49.05 | DM14: 0.65 | DN14: 0.44 | DO14: -0.0092686016 | DP14: 0 | DQ14: 0 | DR14: 0 | DS14: 0 | DT14: 0 | DU14: 0 | DV14: 5 | DW14: 0.2511|0.3132|0.4063 | DX14: 0.406307 | DY14: -0.00032828932 | DZ14: 0.81294229 | EO14: 6.0056773 | EP14: 61.208406 | EQ14: 1452.848 | ER14: 2.6935453 | ES14: 2.6935453 | ET14: 1.4276137 | EU14: 32.72857 | EV14: 32.72857 | EW14: 320.39908 | EX14: 413.55208 | EY14: 0.78126765 | EZ14: 0.64027695 | FA14: 0.049754125 | FB14: 1 | FC14: 0 | FD14: 0 | FE14: fixed_kinematic_trajectory | FF14: example_datasets/processed/core4d/unitree_g1/humanoid_object/dcv3_omnirt_v2_ref_fk_box001_20231003_2_039_p1/0/trajectory_kinematic.npz | FG14: 100 | FH14: left_ankle_roll_link,right_ankle_roll_link,left_wrist_yaw_link,right_wrist_yaw_link | FI14: body_z_err_p95_m | FJ14: 0.2 | FK14: 0.10969432 | FL14: 0.065770571 | FM14: 0 | FN14: 1 | FO14: 0.62594328 | FP14: 0.28689745 | FQ14: 0.045 | FR14: 0 | FS14: 0.62178793 | FT14: 0.28642842 | FU14: 1 | FV14: 4.5856942 | FW14: 138.38549 | FX14: 0.0092666714 | FY14: 1 | FZ14: 21 | GA14: 1 | GB14: PENDING_EVALUATION | GC14: 0.93997314 | GD14: 0.94 | GE14: 0.94 | GF14: 0.94 | GG14: 0 | GH14: 0 | GI14: 0.05681378 | GJ14: 0.065410898 | GK14: 0.06353751 | GL14: 0.067018654 | GM14: 2.0535788e-06 | GN14: 0 | GO14: 0.94 | GP14: 0.94 | GQ14: -0.011548673 | GR14: 1 | GS14: 1 | GT14: 0 | GU14: 0 | GV14: 1 | GW14: 1 | GX14: 1 | GY14: 1 | GZ14: 1 | HA14: 1 | HB14: 1 | HC14: 1 | HD14: 1 | HE14: 1 | HF14: 1 | HG14: 1 | HH14: 1 | HI14: 1 | HJ14: 1 | HL14: core4d-e194-g1-expansion-12gate-v1 | HM14: 1 | HN14: G1_contaminated | HO14: E173 | HP14: E173 | HQ14: 0 | HR14: omnirt_v2 | HS14: local-gpu0 | HT14: local-gpu0 | HU14: e64dc4f1aab816780430d92414019870b772be79c4d0d455028c9e48a47cb3a2 | HV14: e64dc4f1aab816780430d92414019870b772be79c4d0d455028c9e48a47cb3a2 | HW14: 3d9aa9006e0b853e2870b5729516cb7a034c5981396af94f40668f0a6ce70a3b | HX14: cc5a55ff79c38c04b222ef53f6191ef0425346977e29d65bdbedefea2df89a1f | HY14: core4d-e154-physics-contact-v1 | HZ14: workspace/core4d/results/E194/s6_downstream/cem/full_g1_expansion/E194_box001_20231003_2_039_p1_G1_expansion.npz | IA14: workspace/core4d/results/E194/s6_downstream/cem/full_g1_expansion/E194_box001_20231003_2_039_p1_G1_expansion_outdir/trajectory_mjwp_act.npz | IB14: workspace/core4d/results/E194/s6_downstream/cem/full_g1_expansion/E194_box001_20231003_2_039_p1_G1_expansion_outdir/config_act.yaml | IC14: example_datasets/processed/core4d/unitree_g1/humanoid_object/dcv3_omnirt_v2_ref_fk_box001_20231003_2_039_p1/0/trajectory_kinematic.npz | ID14: workspace/core4d/results/E173/s3_retarget/omnirt_v2/ref_fk/results/omnirt_v2_ref_fk/contact_masks/dcv3_omnirt_v2_ref_fk_box001_20231003_2_039_p1/raw_contact_mask_3cm.npz
A15: box001_20231023_107_p2 | B15: E173_box001_20231023_107_p2_PRG | C15: E173_E170PRG_crossObject_candidate_r1 | D15: rubber_hull | E15: box001 | H15: workspace/core4d/results/E173/s6_downstream/cem/full/E173_box001_20231023_107_p2_PRG_outdir_full/trajectory_mjwp_act.npz | I15: example_datasets/processed/core4d/unitree_g1/humanoid_object/dcv3_omnirt_v1_ref_fk_box001_20231023_107_p2/scene_act_E173_rubberHull_PRG.xml | J15: 97 | K15: 3.2333333 | L15: 0.74376822 | M15: 0.79746825 | N15: 0 | O15: 1.4035927 | P15: 1.5053601 | Q15: 0.18089942 | R15: 0.45360825 | S15: 0.1443299 | T15: 0 | U15: 0 | V15: 0 | W15: 0.75257732 | X15: 0.27835052 | Y15: 0.46391753 | Z15: 0.68041237 | AA15: 0.28865979 | AB15: 0.072164948 | AC15: -0.0027547786 | AD15: -0.0084608011 | AE15: 0.63636364 | AF15: 0.38636364 | AG15: 0.079545455 | AH15: 0.4742268 | AI15: 0.28865979 | AJ15: 0.072164948 | AK15: 0.41808605 | AL15: 0 | AM15: 0 | AN15: 0 | AR15: 0 | AS15: 0.020618557 | AT15: 0.010309278 | AU15: 0.010309278 | AV15: 0 | AW15: 0 | AX15: 0 | AY15: 0.0090279978 | AZ15: 0.021513867 | BB15: 0.54639175 | BC15: 0.81443299 | BD15: 0.57731959 | BE15: 0.83505155 | BF15: 0.82474227 | BG15: 0.8556701 | BH15: 0.84536082 | BI15: 0.90721649 | BJ15: 0.13382038 | BK15: 0.10473327 | BL15: 0.22233201 | BM15: 0.23487033 | BN15: 0.45268542 | BO15: 0.44295721 | BP15: 0.013301231 | BQ15: 0.0072508829 | BR15: 3.626611 | BS15: 13.702916 | BT15: 17.885819 | BU15: 13.382038 | BV15: 12.738686 | BW15: 10.988467 | BX15: 4.8596377 | BY15: 5.7332587 | BZ15: 0.74226804 | CA15: 0.93055556 | CB15: 0.36111111 | CC15: 0.61111111 | CD15: 0.88888889 | CE15: 0.74226804 | CF15: 5 | CG15: 0 | CH15: 0.93055556 | CI15: 0.61111111 | CJ15: 0.88888889 | CK15: 0.24 | CL15: 0.04 | CM15: 0.04 | CN15: 0.08 | CO15: 0 | CP15: 0 | CQ15: 0 | CR15: 0 | CS15: 0.5 | CT15: 0.083333333 | CU15: 0.083333333 | CV15: 0.16666667 | CW15: 0 | CX15: 0 | CY15: -0.045547421 | CZ15: -0.11772078 | DA15: 9.2229352 | DB15: -0.083078607 | DC15: 14.796143 | DD15: 0.35958533 | DE15: 0.54639175 | DF15: -0.071432 | DG15: -0.098641379 | DH15: 2.7209379 | DI15: 111.19947 | DJ15: 77.835479 | DK15: 12.087697 | DL15: 49.05 | DM15: 0.70103093 | DN15: 0.64948454 | DO15: -0.012003108 | DP15: 0 | DQ15: 0.020618557 | DR15: 0 | DS15: 0 | DT15: 0 | DU15: 0 | DV15: 5 | DW15: 0.2511|0.3132|0.4063 | DX15: 0.406307 | DY15: 0.039129879 | DZ15: 0.77348412 | EO15: 6.0059268 | EP15: 82.235918 | EQ15: 2068.4739 | ER15: 4.251579 | ES15: 4.251579 | ET15: 2.3189796 | EU15: 77.873559 | EV15: 77.873559 | EW15: 540.83135 | EX15: 601.78221 | EY15: 1.2504141 | EZ15: 0.53468953 | FA15: 0.048650463 | FB15: 0.91752577 | FC15: 0 | FD15: 0 | FE15: fixed_kinematic_trajectory | FF15: example_datasets/processed/core4d/unitree_g1/humanoid_object/dcv3_omnirt_v1_ref_fk_box001_20231023_107_p2/0/trajectory_kinematic.npz | FG15: 97 | FH15: left_ankle_roll_link,right_ankle_roll_link,left_wrist_yaw_link,right_wrist_yaw_link | FI15: body_z_err_p95_m | FJ15: 0.2 | FK15: 0.12900659 | FL15: 0.10022346 | FM15: 0 | FN15: 1 | FO15: 0.68793652 | FP15: 0.47102444 | FQ15: 0.12113402 | FR15: 0 | FS15: 0.684104 | FT15: 0.46728043 | FU15: 1 | FV15: 10.64852 | FW15: 294.48797 | FX15: 0.027763045 | FY15: 1 | FZ15: 12 | GA15: 1 | GB15: PENDING_EVALUATION | GC15: 0.89383753 | GD15: 0.89687701 | GE15: 0.89701145 | GF15: 0.89690722 | GG15: 0.038659794 | GH15: 0.041237113 | GI15: 0.05580055 | GJ15: 0.063621467 | GK15: 0.061893649 | GL15: 0.064913132 | GM15: 0.0025888752 | GN15: 0.0024615416 | GO15: 0.89626289 | GP15: 0.89690722 | GQ15: -0.030625684 | GR15: 1 | GS15: 1 | GT15: 0 | GU15: 0 | GV15: 1 | GW15: 1 | GX15: 1 | GY15: 1 | GZ15: 1 | HA15: 1 | HB15: 1 | HC15: 1 | HD15: 1 | HE15: 1 | HF15: 1 | HG15: 1 | HH15: 1 | HI15: 1 | HJ15: 1 | HL15: core4d-e194-g1-expansion-12gate-v1 | HM15: 1 | HN15: PRG | HO15: E173 | HP15: E173 | HQ15: 0 | HR15: omnirt_v1 | HS15: A0-source | HT15: A0-source | HU15: a037d2cadc2bdfbf0bb84cde0cba13a618c994cae22de2f4fc6d84cb74c919bc | HV15: a037d2cadc2bdfbf0bb84cde0cba13a618c994cae22de2f4fc6d84cb74c919bc | HW15: 83650ef1a583b82a76e45b51c27ddee668f496922acb6a5f3c5d7099e870d16b | HX15: f75cd1a3eb31859c35c942be45fc05e87f6d8237330546b7c2092a2a12166376 | HY15: core4d-e154-physics-contact-v1 | HZ15: workspace/core4d/results/E173/s6_downstream/cem/full/E173_box001_20231023_107_p2_PRG.npz | IA15: workspace/core4d/results/E173/s6_downstream/cem/full/E173_box001_20231023_107_p2_PRG_outdir_full/trajectory_mjwp_act.npz | IB15: workspace/core4d/results/E173/s6_downstream/cem/full/E173_box001_20231023_107_p2_PRG_outdir_full/config_act.yaml | IC15: example_datasets/processed/core4d/unitree_g1/humanoid_object/dcv3_omnirt_v1_ref_fk_box001_20231023_107_p2/0/trajectory_kinematic.npz | ID15: workspace/core4d/results/E173/s3_retarget/omnirt_v1/ref_fk/results/omnirt_v1_ref_fk/contact_masks/dcv3_omnirt_v1_ref_fk_box001_20231023_107_p2/raw_contact_mask_3cm.npz
A16: box001_20231023_107_p2 | B16: E194_box001_20231023_107_p2_G1_expansion | C16: E167A_zOnlyBody_PRG_gravcomp_G1 | D16: rubber_hull | E16: box001 | H16: workspace/core4d/results/E194/s6_downstream/cem/full_g1_expansion/E194_box001_20231023_107_p2_G1_expansion_outdir/trajectory_mjwp_act.npz | I16: example_datasets/processed/core4d/unitree_g1/humanoid_object/dcv3_omnirt_v1_ref_fk_box001_20231023_107_p2/scene_act_E194_G1_expansion_rubberHull_PRG_gravcomp.xml | J16: 97 | K16: 3.2333333 | L16: 0.73097032 | M16: 0.80293804 | N16: 0 | O16: 1.3502303 | P16: 1.5212544 | Q16: 0.25947508 | R16: 0.18556701 | S16: 0.26804124 | T16: 0.092783505 | U16: 0.051546392 | V16: 0 | W16: 0.53608247 | X16: 0.36082474 | Y16: 0.41237113 | Z16: 0.43298969 | AA16: 0.12371134 | AB16: 0.10309278 | AC16: -0.0026602077 | AD16: -0.012202303 | AE16: 0.33333333 | AF16: 0.22222222 | AG16: 0.18518519 | AH16: 0.17525773 | AI16: 0.12371134 | AJ16: 0.10309278 | AK16: 0.42788825 | AL16: 0 | AM16: 0 | AN16: 0 | AR16: 0 | AS16: 0 | AT16: 0 | AU16: 0 | AV16: 0 | AW16: 0 | AX16: 0 | AY16: 0.0096592201 | AZ16: 0.022766501 | BB16: 0.06185567 | BC16: 0.73195876 | BD16: 0.16494845 | BE16: 0.7628866 | BF16: 0.25773196 | BG16: 0.78350515 | BH16: 0.48453608 | BI16: 0.81443299 | BJ16: 0.26075732 | BK16: 0.094616156 | BL16: 0.17935592 | BM16: 0.18179247 | BN16: 0.52882353 | BO16: 0.51492989 | BP16: 0.012499251 | BQ16: 0.013535495 | BR16: 4.2313491 | BS16: 24.64909 | BT16: 25.536727 | BU16: 26.075732 | BV16: 10.276337 | BW16: 12.466136 | BX16: 3.1312899 | BY16: 7.459045 | BZ16: 0.74226804 | CA16: 0.65277778 | CB16: 0.43055556 | CC16: 0.5 | CD16: 0.51388889 | CE16: 0.74226804 | CF16: 5 | CG16: 0 | CH16: 0.65277778 | CI16: 0.5 | CJ16: 0.51388889 | CK16: 0.2 | CL16: 0.16 | CM16: 0.16 | CN16: 0.2 | CO16: 0 | CP16: 0 | CQ16: 0 | CR16: 0 | CS16: 0.41666667 | CT16: 0.33333333 | CU16: 0.33333333 | CV16: 0.41666667 | CW16: 0.11111111 | CX16: 0.069444444 | CY16: 0.0095195331 | CZ16: -0.053161817 | DA16: 11.520038 | DB16: 0.0025348931 | DC16: 18.948842 | DD16: 0.17761413 | DE16: 0.54639175 | DF16: -0.0095816362 | DG16: 0.009732325 | DH16: -1.9313961 | DI16: 145.10627 | DJ16: 39.271432 | DK16: 18.225493 | DL16: 49.05 | DM16: 0.70103093 | DN16: 0.64948454 | DO16: -0.012003108 | DP16: 0 | DQ16: 0.082474227 | DR16: 0.030927835 | DS16: 0.010309278 | DT16: 0 | DU16: 0 | DV16: 5 | DW16: 0.2511|0.3132|0.4063 | DX16: 0.406307 | DY16: 0.039129879 | DZ16: 0.77348412 | EO16: 6.8341358 | EP16: 82.629148 | EQ16: 1733.843 | ER16: 3.9455408 | ES16: 3.9455408 | ET16: 2.2171088 | EU16: 41.496256 | EV16: 41.496256 | EW16: 520.78771 | EX16: 580.52981 | EY16: 1.3620263 | EZ16: 0.63404946 | FA16: 0.049993592 | FB16: 1 | FC16: 0 | FD16: 0 | FE16: fixed_kinematic_trajectory | FF16: example_datasets/processed/core4d/unitree_g1/humanoid_object/dcv3_omnirt_v1_ref_fk_box001_20231023_107_p2/0/trajectory_kinematic.npz | FG16: 97 | FH16: left_ankle_roll_link,right_ankle_roll_link,left_wrist_yaw_link,right_wrist_yaw_link | FI16: body_z_err_p95_m | FJ16: 0.2 | FK16: 0.22355078 | FL16: 0.088667837 | FM16: 0.0077319588 | FN16: 1 | FO16: 0.87923251 | FP16: 0.73044642 | FQ16: 0.3556701 | FR16: 0 | FS16: 0.87914199 | FT16: 0.73026678 | FU16: 1 | FV16: 9.2724301 | FW16: 274.42572 | FX16: 0.01753553 | FY16: 1 | FZ16: 12 | GA16: 1 | GB16: PENDING_EVALUATION | GC16: 0.93725208 | GD16: 0.93814433 | GE16: 0.93814433 | GF16: 0.93814433 | GG16: 0 | GH16: 0 | GI16: 0.11098582 | GJ16: 0.12320499 | GK16: 0.12010869 | GL16: 0.12696735 | GM16: 4.1568403e-05 | GN16: 0 | GO16: 0.93814433 | GP16: 0.93814433 | GQ16: -0.035540067 | GR16: 1 | GS16: 1 | GT16: 0 | GU16: 0 | GV16: 1 | GW16: 1 | GX16: 1 | GY16: 0 | GZ16: 1 | HA16: 1 | HB16: 0 | HC16: 1 | HD16: 0 | HE16: 0 | HF16: 1 | HG16: 1 | HH16: 0 | HI16: 0 | HJ16: 0 | HK16: release,root_pos,hand_pos,hand_ori | HL16: core4d-e194-g1-expansion-12gate-v1 | HM16: 1 | HN16: G1_contaminated | HO16: E173 | HP16: E173 | HQ16: 0 | HR16: omnirt_v1 | HS16: local-gpu0 | HT16: local-gpu0 | HU16: 46783025d1c9d1181af124880fadcadc6727e8597d3911f2c36058f86c61ecd5 | HV16: 46783025d1c9d1181af124880fadcadc6727e8597d3911f2c36058f86c61ecd5 | HW16: e26629bb3ce495d6cae0a18c92fcee4b866b6f380dd867f35b555363ddcea67b | HX16: f75cd1a3eb31859c35c942be45fc05e87f6d8237330546b7c2092a2a12166376 | HY16: core4d-e154-physics-contact-v1 | HZ16: workspace/core4d/results/E194/s6_downstream/cem/full_g1_expansion/E194_box001_20231023_107_p2_G1_expansion.npz | IA16: workspace/core4d/results/E194/s6_downstream/cem/full_g1_expansion/E194_box001_20231023_107_p2_G1_expansion_outdir/trajectory_mjwp_act.npz | IB16: workspace/core4d/results/E194/s6_downstream/cem/full_g1_expansion/E194_box001_20231023_107_p2_G1_expansion_outdir/config_act.yaml | IC16: example_datasets/processed/core4d/unitree_g1/humanoid_object/dcv3_omnirt_v1_ref_fk_box001_20231023_107_p2/0/trajectory_kinematic.npz | ID16: workspace/core4d/results/E173/s3_retarget/omnirt_v1/ref_fk/results/omnirt_v1_ref_fk/contact_masks/dcv3_omnirt_v1_ref_fk_box001_20231023_107_p2/raw_contact_mask_3cm.npz
A17: box001_20231023_109_p2 | B17: E173_box001_20231023_109_p2_PRG | C17: E173_E170PRG_crossObject_candidate_r1 | D17: rubber_hull | E17: box001 | H17: workspace/core4d/results/E173/s6_downstream/cem/full/E173_box001_20231023_109_p2_PRG_outdir_full/trajectory_mjwp_act.npz | I17: example_datasets/processed/core4d/unitree_g1/humanoid_object/dcv3_omnirt_v1_ref_fk_box001_20231023_109_p2/scene_act_E173_rubberHull_PRG.xml | J17: 110 | K17: 3.6666667 | L17: 0.73958075 | M17: 0.79347789 | N17: 0 | O17: 1.0428197 | P17: 1.054949 | Q17: 0.15087786 | R17: 0.55454545 | S17: 0.30909091 | T17: 0.0090909091 | U17: 0 | V17: 0 | W17: 0.68181818 | X17: 0.45454545 | Y17: 0.51818182 | Z17: 0.59090909 | AA17: 0.16363636 | AB17: 0.090909091 | AC17: -0.0020113215 | AD17: -0.0074576952 | AE17: 0.34210526 | AF17: 0.23684211 | AG17: 0.13157895 | AH17: 0.22727273 | AI17: 0.16363636 | AJ17: 0.090909091 | AK17: 0.39818998 | AL17: 0 | AM17: 0 | AN17: 0 | AR17: 0 | AS17: 0 | AT17: 0 | AU17: 0 | AV17: 0 | AW17: 0 | AX17: 0 | AY17: 0.005635116 | AZ17: 0.01478164 | BB17: 0.70909091 | BC17: 0.80909091 | BD17: 0.79090909 | BE17: 0.85454545 | BF17: 0.81818182 | BG17: 0.96363636 | BH17: 0.89090909 | BI17: 1 | BJ17: 0.083657481 | BK17: 0.025908585 | BL17: 0.12451351 | BM17: 0.033905912 | BN17: 0.36675078 | BO17: 0.19813967 | BP17: 0.010433186 | BQ17: 0.0087326252 | BR17: 2.7907433 | BS17: 9.1260843 | BT17: 13.692513 | BU17: 8.3657481 | BV17: 7.1340985 | BW17: 7.4007702 | BX17: 3.7781982 | BY17: 2.8707143 | BZ17: 0.61818182 | CA17: 0.83823529 | CB17: 0.54411765 | CC17: 0.60294118 | CD17: 0.69117647 | CE17: 0.61818182 | CF17: 5 | CG17: 0 | CH17: 0.83823529 | CI17: 0.60294118 | CJ17: 0.69117647 | CK17: 0.42857143 | CL17: 0.30952381 | CM17: 0.38095238 | CN17: 0.42857143 | CO17: 0 | CP17: 0 | CQ17: 0 | CR17: 0 | CS17: 0.72 | CT17: 0.52 | CU17: 0.64 | CV17: 0.72 | CW17: 0.014705882 | CX17: 0 | CY17: -0.03382163 | CZ17: -0.10957563 | DA17: 5.6465667 | DB17: -0.083568962 | DC17: 11.131803 | DD17: 0.42880728 | DE17: 0.41818182 | DF17: -0.074830464 | DG17: -0.097586631 | DH17: 2.2756167 | DI17: 91.340402 | DJ17: 75.080284 | DK17: 6.5697977 | DL17: 49.05 | DM17: 0.6 | DN17: 0.49090909 | DO17: -0.014457576 | DP17: 0 | DQ17: 0 | DR17: 0 | DS17: 0 | DT17: 0 | DU17: 0 | DV17: 5 | DW17: 0.2511|0.3132|0.4063 | DX17: 0.406307 | DY17: 0.03319254 | DZ17: 0.77942146 | EO17: 4.984062 | EP17: 60.073632 | EQ17: 1496.3019 | ER17: 3.1171795 | ES17: 3.1171795 | ET17: 1.0795235 | EU17: 36.390178 | EV17: 36.390178 | EW17: 289.43963 | EX17: 394.47016 | EY17: 0.88589652 | EZ17: 0.79033009 | FA17: 0.049433117 | FB17: 1 | FC17: 0 | FD17: 0 | FE17: fixed_kinematic_trajectory | FF17: example_datasets/processed/core4d/unitree_g1/humanoid_object/dcv3_omnirt_v1_ref_fk_box001_20231023_109_p2/0/trajectory_kinematic.npz | FG17: 110 | FH17: left_ankle_roll_link,right_ankle_roll_link,left_wrist_yaw_link,right_wrist_yaw_link | FI17: body_z_err_p95_m | FJ17: 0.2 | FK17: 0.14514126 | FL17: 0.080107614 | FM17: 0 | FN17: 1 | FO17: 0.48573634 | FP17: 0.34510948 | FQ17: 0.075 | FR17: 0 | FS17: 0.48417418 | FT17: 0.34457675 | FU17: 1 | FV17: 5.2400359 | FW17: 150.61744 | FX17: 0.013259743 | FY17: 1 | FZ17: 25 | GA17: 1 | GB17: PENDING_EVALUATION | GC17: 0.94462807 | GD17: 0.94545455 | GE17: 0.94545455 | GF17: 0.94545455 | GG17: 0 | GH17: 0 | GI17: 0.049718045 | GJ17: 0.058586783 | GK17: 0.057139523 | GL17: 0.059439867 | GM17: 6.0792405e-05 | GN17: 0 | GO17: 0.94545455 | GP17: 0.94545455 | GQ17: -0.032929149 | GR17: 1 | GS17: 1 | GT17: 0 | GU17: 0 | GV17: 1 | GW17: 1 | GX17: 1 | GY17: 0 | GZ17: 1 | HA17: 1 | HB17: 1 | HC17: 1 | HD17: 1 | HE17: 1 | HF17: 1 | HG17: 1 | HH17: 0 | HI17: 0 | HJ17: 0 | HK17: release | HL17: core4d-e194-g1-expansion-12gate-v1 | HM17: 1 | HN17: PRG | HO17: E173 | HP17: E173 | HQ17: 0 | HR17: omnirt_v1 | HS17: A0-source | HT17: A0-source | HU17: dce849b9b73aa8a31f39521956b51884b28417b395e2f924a9f2138f78c75558 | HV17: dce849b9b73aa8a31f39521956b51884b28417b395e2f924a9f2138f78c75558 | HW17: 376bd18ff436123a0b423b1529479437bc9fbf427de8f465f6352259e1ad7a9c | HX17: 64b913737ea733d1079c976d507cf9f7f1ea4731a0362cae7a6e51ed699102f1 | HY17: core4d-e154-physics-contact-v1 | HZ17: workspace/core4d/results/E173/s6_downstream/cem/full/E173_box001_20231023_109_p2_PRG.npz | IA17: workspace/core4d/results/E173/s6_downstream/cem/full/E173_box001_20231023_109_p2_PRG_outdir_full/trajectory_mjwp_act.npz | IB17: workspace/core4d/results/E173/s6_downstream/cem/full/E173_box001_20231023_109_p2_PRG_outdir_full/config_act.yaml | IC17: example_datasets/processed/core4d/unitree_g1/humanoid_object/dcv3_omnirt_v1_ref_fk_box001_20231023_109_p2/0/trajectory_kinematic.npz | ID17: workspace/core4d/results/E173/s3_retarget/omnirt_v1/ref_fk/results/omnirt_v1_ref_fk/contact_masks/dcv3_omnirt_v1_ref_fk_box001_20231023_109_p2/raw_contact_mask_3cm.npz
A18: box001_20231023_109_p2 | B18: E194_box001_20231023_109_p2_G1_expansion | C18: E167A_zOnlyBody_PRG_gravcomp_G1 | D18: rubber_hull | E18: box001 | H18: workspace/core4d/results/E194/s6_downstream/cem/full_g1_expansion/E194_box001_20231023_109_p2_G1_expansion_outdir/trajectory_mjwp_act.npz | I18: example_datasets/processed/core4d/unitree_g1/humanoid_object/dcv3_omnirt_v1_ref_fk_box001_20231023_109_p2/scene_act_E194_G1_expansion_rubberHull_PRG_gravcomp.xml | J18: 110 | K18: 3.6666667 | L18: 0.74562865 | M18: 0.79246151 | N18: 0 | O18: 1.0470909 | P18: 1.0673424 | Q18: 0.25049032 | R18: 0.18181818 | S18: 0.47272727 | T18: 0.027272727 | U18: 0 | V18: 0 | W18: 0.67272727 | X18: 0.6 | Y18: 0.63636364 | Z18: 0.67272727 | AA18: 0.036363636 | AB18: 0 | AC18: -0.0010235208 | AD18: -0.0040778507 | AE18: 0.10666667 | AF18: 0.053333333 | AG18: 0 | AH18: 0.072727273 | AI18: 0.036363636 | AJ18: 0 | AK18: 0.40447634 | AL18: 0 | AM18: 0 | AN18: 0 | AR18: 0 | AS18: 0 | AT18: 0 | AU18: 0 | AV18: 0 | AW18: 0 | AX18: 0 | AY18: 0.0062224074 | AZ18: 0.015586128 | BB18: 0.66363636 | BC18: 0.8 | BD18: 0.77272727 | BE18: 0.83636364 | BF18: 0.80909091 | BG18: 0.97272727 | BH18: 0.9 | BI18: 1 | BJ18: 0.10026891 | BK18: 0.03525622 | BL18: 0.10655115 | BM18: 0.029618259 | BN18: 0.38153844 | BO18: 0.24571054 | BP18: 0.00846964 | BQ18: 0.0082858437 | BR18: 2.9266154 | BS18: 9.6814075 | BT18: 13.812781 | BU18: 10.026891 | BV18: 6.1049311 | BW18: 7.2600626 | BX18: 3.192323 | BY18: 2.8397577 | BZ18: 0.61818182 | CA18: 0.83823529 | CB18: 0.77941176 | CC18: 0.80882353 | CD18: 0.83823529 | CE18: 0.61818182 | CF18: 5 | CG18: 0 | CH18: 0.83823529 | CI18: 0.80882353 | CJ18: 0.83823529 | CK18: 0.4047619 | CL18: 0.30952381 | CM18: 0.35714286 | CN18: 0.4047619 | CO18: 0 | CP18: 0 | CQ18: 0 | CR18: 0 | CS18: 0.68 | CT18: 0.52 | CU18: 0.6 | CV18: 0.68 | CW18: 0.044117647 | CX18: 0 | CY18: 0.0078822788 | CZ18: -0.053401442 | DA18: 5.6644062 | DB18: -0.0053328091 | DC18: 11.694939 | DD18: 0.29889755 | DE18: 0.41818182 | DF18: -0.011389924 | DG18: 0.0016184012 | DH18: -1.3008325 | DI18: 91.29232 | DJ18: 52.483496 | DK18: 4.0689186 | DL18: 49.05 | DM18: 0.6 | DN18: 0.49090909 | DO18: -0.014457576 | DP18: 0 | DQ18: 0 | DR18: 0 | DS18: 0 | DT18: 0 | DU18: 0 | DV18: 5 | DW18: 0.2511|0.3132|0.4063 | DX18: 0.406307 | DY18: 0.03319254 | DZ18: 0.77942146 | EO18: 5.137599 | EP18: 64.822338 | EQ18: 1455.1223 | ER18: 2.8130761 | ES18: 2.8130761 | ET18: 1.1543701 | EU18: 30.128897 | EV18: 30.128897 | EW18: 307.37092 | EX18: 442.32771 | EY18: 0.91611428 | EZ18: 0.62621667 | FA18: 0.046426886 | FB18: 1 | FC18: 0 | FD18: 0 | FE18: fixed_kinematic_trajectory | FF18: example_datasets/processed/core4d/unitree_g1/humanoid_object/dcv3_omnirt_v1_ref_fk_box001_20231023_109_p2/0/trajectory_kinematic.npz | FG18: 110 | FH18: left_ankle_roll_link,right_ankle_roll_link,left_wrist_yaw_link,right_wrist_yaw_link | FI18: body_z_err_p95_m | FJ18: 0.2 | FK18: 0.10850428 | FL18: 0.065318204 | FM18: 0 | FN18: 1 | FO18: 0.49354666 | FP18: 0.38155949 | FQ18: 0.075 | FR18: 0 | FS18: 0.49036956 | FT18: 0.37580981 | FU18: 1 | FV18: 5.521947 | FW18: 171.00766 | FX18: 0.013678287 | FY18: 1 | FZ18: 25 | GA18: 1 | GB18: PENDING_EVALUATION | GC18: 0.94535106 | GD18: 0.94545455 | GE18: 0.94545455 | GF18: 0.94545455 | GG18: 0 | GH18: 0 | GI18: 0.079854829 | GJ18: 0.089405255 | GK18: 0.088055257 | GL18: 0.09011548 | GM18: 5.8492027e-06 | GN18: 0 | GO18: 0.94545455 | GP18: 0.94545455 | GQ18: -0.034221884 | GR18: 1 | GS18: 1 | GT18: 0 | GU18: 0 | GV18: 1 | GW18: 1 | GX18: 1 | GY18: 0 | GZ18: 1 | HA18: 1 | HB18: 1 | HC18: 1 | HD18: 1 | HE18: 1 | HF18: 1 | HG18: 1 | HH18: 0 | HI18: 0 | HJ18: 0 | HK18: release | HL18: core4d-e194-g1-expansion-12gate-v1 | HM18: 1 | HN18: G1_contaminated | HO18: E173 | HP18: E173 | HQ18: 0 | HR18: omnirt_v1 | HS18: local-gpu0 | HT18: local-gpu0 | HU18: 5012b97b6802aa160c1765b54dfa18e7d4d721637c2467a8ccf16ffd0cd5b8cd | HV18: 5012b97b6802aa160c1765b54dfa18e7d4d721637c2467a8ccf16ffd0cd5b8cd | HW18: 1d18716e875a9ad81ed0b1724c6ccd5c7eee058b00bf54887cddcaa51a5338d2 | HX18: 64b913737ea733d1079c976d507cf9f7f1ea4731a0362cae7a6e51ed699102f1 | HY18: core4d-e154-physics-contact-v1 | HZ18: workspace/core4d/results/E194/s6_downstream/cem/full_g1_expansion/E194_box001_20231023_109_p2_G1_expansion.npz | IA18: workspace/core4d/results/E194/s6_downstream/cem/full_g1_expansion/E194_box001_20231023_109_p2_G1_expansion_outdir/trajectory_mjwp_act.npz | IB18: workspace/core4d/results/E194/s6_downstream/cem/full_g1_expansion/E194_box001_20231023_109_p2_G1_expansion_outdir/config_act.yaml | IC18: example_datasets/processed/core4d/unitree_g1/humanoid_object/dcv3_omnirt_v1_ref_fk_box001_20231023_109_p2/0/trajectory_kinematic.npz | ID18: workspace/core4d/results/E173/s3_retarget/omnirt_v1/ref_fk/results/omnirt_v1_ref_fk/contact_masks/dcv3_omnirt_v1_ref_fk_box001_20231023_109_p2/raw_contact_mask_3cm.npz
A19: box023_20231008_046_p1 | B19: E173_box023_20231008_046_p1_PRG | C19: E173_E170PRG_crossObject_candidate_r1 | D19: rubber_hull | E19: box023 | H19: workspace/core4d/results/E173/s6_downstream/cem/full/E173_box023_20231008_046_p1_PRG_outdir_full/trajectory_mjwp_act.npz | I19: example_datasets/processed/core4d/unitree_g1/humanoid_object/dcv3_omnirt_v1_ref_fk_box023_20231008_046_p1/scene_act_E173_rubberHull_PRG.xml | J19: 79 | K19: 2.6333333 | L19: 0.64103824 | M19: 0.82776445 | N19: 0 | O19: 0.54735208 | P19: 0.46134451 | Q19: 0.29582125 | R19: 0.60759494 | S19: 0.29113924 | T19: 0.037974684 | U19: 0 | V19: 0 | W19: 0.48101266 | X19: 0.3164557 | Y19: 0.43037975 | Z19: 0.48101266 | AA19: 0.050632911 | AB19: 0 | AC19: -0.0015717679 | AD19: -0.0038504518 | AE19: 0.33333333 | AF19: 0.1025641 | AG19: 0 | AH19: 0.16455696 | AI19: 0.050632911 | AJ19: 0 | AK19: 0.11611752 | AL19: 0 | AM19: 0 | AN19: 0 | AR19: 0 | AS19: 0 | AT19: 0 | AU19: 0 | AV19: 0 | AW19: 0 | AX19: 0 | AY19: 0.0052311841 | AZ19: 0.016233834 | BB19: 0 | BC19: 0.58227848 | BD19: 0.012658228 | BE19: 0.58227848 | BF19: 0.34177215 | BG19: 0.60759494 | BH19: 0.5443038 | BI19: 0.60759494 | BJ19: 0.10440268 | BK19: 0.082203212 | BL19: 0.15478338 | BM19: 0.063135775 | BN19: 0.58453988 | BO19: 0.41884059 | BP19: 0.019935834 | BQ19: 0.011276554 | BR19: 4.4181084 | BS19: 12.359368 | BT19: 12.890878 | BU19: 10.440268 | BV19: 8.8684343 | BW19: 9.9916457 | BX19: 4.96964 | BY19: 4.2704887 | BZ19: 0.62025316 | CA19: 0.7755102 | CB19: 0.51020408 | CC19: 0.69387755 | CD19: 0.7755102 | CE19: 0.62025316 | CF19: 5 | CG19: 0 | CH19: 0.7755102 | CI19: 0.69387755 | CJ19: 0.7755102 | CK19: 0 | CL19: 0 | CM19: 0 | CN19: 0 | CO19: 0 | CP19: 0 | CQ19: 0 | CR19: 0 | CS19: 0 | CT19: 0 | CU19: 0 | CV19: 0 | CW19: 0.06122449 | CX19: 0 | CY19: -0.034106166 | CZ19: -0.20009866 | DA19: 6.8093091 | DB19: -0.10617852 | DC19: 9.9188973 | DD19: 0.55642685 | DE19: 0.35443038 | DF19: -0.089880877 | DG19: -0.11786279 | DH19: 2.7981917 | DI19: 132.76697 | DJ19: 130.68857 | DK19: 10.994617 | DL19: 49.05 | DM19: 0.25316456 | DN19: 0.025316456 | DO19: -0.0045530531 | DP19: 0 | DQ19: 0 | DR19: 0 | DS19: 0 | DT19: 0 | DU19: 0 | DV19: 5 | DW19: 0.1519|0.1516|0.1955 | DX19: 0.195506 | DY19: -0.07506009 | DZ19: 0.46607209 | EO19: 11.538603 | EP19: 71.903644 | EQ19: 1677.4056 | ER19: 2.1729889 | ES19: 1.8617298 | ET19: 2.1729889 | EU19: 48.42316 | EV19: 48.42316 | EW19: 551.98295 | EX19: 682.55504 | EY19: 0.97793736 | EZ19: 0.501324 | FA19: 0.049444041 | FB19: 0.87341772 | FC19: 0 | FD19: 0 | FE19: fixed_kinematic_trajectory | FF19: example_datasets/processed/core4d/unitree_g1/humanoid_object/dcv3_omnirt_v1_ref_fk_box023_20231008_046_p1/0/trajectory_kinematic.npz | FG19: 79 | FH19: left_ankle_roll_link,right_ankle_roll_link,left_wrist_yaw_link,right_wrist_yaw_link | FI19: body_z_err_p95_m | FJ19: 0.2 | FK19: 0.20623771 | FL19: 0.1402849 | FM19: 0.0094936709 | FN19: 1 | FO19: 0.29666893 | FP19: 0.22248025 | FQ19: 0 | FR19: 1 | FS19: 0.29649795 | FT19: 0.21664588 | FU19: 0 | FV19: 10.284561 | FW19: 281.11785 | FX19: 0.032983704 | FY19: 1 | FZ19: 14 | GA19: 1 | GB19: PENDING_EVALUATION | GC19: 0.92405063 | GD19: 0.92405063 | GE19: 0.92405063 | GF19: 0.92405063 | GG19: 0 | GH19: 0 | GI19: 0.18798062 | GJ19: 0.20598628 | GK19: 0.20148298 | GL19: 0.20919092 | GM19: 0 | GN19: 0 | GO19: 0.92405063 | GP19: 0.92405063 | GQ19: 0 | GR19: 1 | GS19: 1 | GT19: 0 | GU19: 0 | GV19: 1 | GW19: 1 | GX19: 1 | GY19: 1 | GZ19: 1 | HA19: 1 | HB19: 1 | HC19: 1 | HD19: 1 | HE19: 1 | HF19: 1 | HG19: 1 | HH19: 1 | HI19: 1 | HJ19: 1 | HL19: core4d-e194-g1-expansion-12gate-v1 | HM19: 1 | HN19: PRG | HO19: E173 | HP19: E173 | HQ19: 0 | HR19: omnirt_v1 | HS19: A0-source | HT19: A0-source | HU19: e9846785433f94f17b738fecaccd6854b00a7741c1bd31d79eefc4f0159d314f | HV19: e9846785433f94f17b738fecaccd6854b00a7741c1bd31d79eefc4f0159d314f | HW19: 412f332eb22336aa0bf5961150a2915e3e097161aad54501dc600e056e51fb90 | HX19: bb7458209babbecef7fb1083068cf3c11921222426a0e31080e17861a548ee12 | HY19: core4d-e154-physics-contact-v1 | HZ19: workspace/core4d/results/E173/s6_downstream/cem/full/E173_box023_20231008_046_p1_PRG.npz | IA19: workspace/core4d/results/E173/s6_downstream/cem/full/E173_box023_20231008_046_p1_PRG_outdir_full/trajectory_mjwp_act.npz | IB19: workspace/core4d/results/E173/s6_downstream/cem/full/E173_box023_20231008_046_p1_PRG_outdir_full/config_act.yaml | IC19: example_datasets/processed/core4d/unitree_g1/humanoid_object/dcv3_omnirt_v1_ref_fk_box023_20231008_046_p1/0/trajectory_kinematic.npz | ID19: workspace/core4d/results/E173/s3_retarget/omnirt_v1/ref_fk/results/omnirt_v1_ref_fk/contact_masks/dcv3_omnirt_v1_ref_fk_box023_20231008_046_p1/raw_contact_mask_3cm.npz
A20: box023_20231008_046_p1 | B20: E194_box023_20231008_046_p1_G1_expansion | C20: E167A_zOnlyBody_PRG_gravcomp_G1 | D20: rubber_hull | E20: box023 | H20: workspace/core4d/results/E194/s6_downstream/cem/full_g1_expansion/E194_box023_20231008_046_p1_G1_expansion_outdir/trajectory_mjwp_act.npz | I20: example_datasets/processed/core4d/unitree_g1/humanoid_object/dcv3_omnirt_v1_ref_fk_box023_20231008_046_p1/scene_act_E194_G1_expansion_rubberHull_PRG_gravcomp.xml | J20: 79 | K20: 2.6333333 | L20: 0.63988554 | M20: 0.83126819 | N20: 0 | O20: 0.56023814 | P20: 0.50980371 | Q20: 0.37643657 | R20: 0.32911392 | S20: 0.13924051 | T20: 0.012658228 | U20: 0 | V20: 0 | W20: 0.55696203 | X20: 0.15189873 | Y20: 0.25316456 | Z20: 0.40506329 | AA20: 0.30379747 | AB20: 0.15189873 | AC20: -0.003237025 | AD20: -0.0071997561 | AE20: 0.68627451 | AF20: 0.50980392 | AG20: 0.23529412 | AH20: 0.40506329 | AI20: 0.30379747 | AJ20: 0.15189873 | AK20: 0.11765816 | AL20: 0 | AM20: 0 | AN20: 0 | AR20: 0 | AS20: 0.050632911 | AT20: 0.037974684 | AU20: 0.037974684 | AV20: 0 | AW20: 0 | AX20: 0 | AY20: 0.006954212 | AZ20: 0.01821431 | BB20: 0 | BC20: 0.59493671 | BD20: 0 | BE20: 0.62025316 | BF20: 0.34177215 | BG20: 0.62025316 | BH20: 0.56962025 | BI20: 0.63291139 | BJ20: 0.115774 | BK20: 0.037673707 | BL20: 0.1678606 | BM20: 0.14261932 | BN20: 0.60962459 | BO20: 0.53583829 | BP20: 0.018014539 | BQ20: 0.010620667 | BR20: 4.5322316 | BS20: 12.450469 | BT20: 12.833914 | BU20: 11.5774 | BV20: 9.6177039 | BW20: 10.033057 | BX20: 5.2600434 | BY20: 6.1105381 | BZ20: 0.62025316 | CA20: 0.85714286 | CB20: 0.2244898 | CC20: 0.3877551 | CD20: 0.63265306 | CE20: 0.62025316 | CF20: 5 | CG20: 0 | CH20: 0.85714286 | CI20: 0.3877551 | CJ20: 0.63265306 | CK20: 0.066666667 | CL20: 0.033333333 | CM20: 0.033333333 | CN20: 0.033333333 | CO20: 0 | CP20: 0 | CQ20: 0 | CR20: 0 | CS20: 0.14285714 | CT20: 0.071428571 | CU20: 0.071428571 | CV20: 0.071428571 | CW20: 0.020408163 | CX20: 0 | CY20: 0.0043634532 | CZ20: -0.11829418 | DA20: 7.672568 | DB20: -0.027651724 | DC20: 14.403038 | DD20: 0.41808434 | DE20: 0.35443038 | DF20: -0.01085852 | DG20: -0.039053408 | DH20: 2.8194889 | DI20: 113.60316 | DJ20: 89.410855 | DK20: 12.512598 | DL20: 49.05 | DM20: 0.25316456 | DN20: 0.025316456 | DO20: -0.0045530531 | DP20: 0 | DQ20: 0 | DR20: 0 | DS20: 0 | DT20: 0 | DU20: 0 | DV20: 5 | DW20: 0.1519|0.1516|0.1955 | DX20: 0.195506 | DY20: -0.07506009 | DZ20: 0.46607209 | EO20: 12.222416 | EP20: 77.070227 | EQ20: 1763.066 | ER20: 2.7631198 | ES20: 2.0889196 | ET20: 2.7631198 | EU20: 39.777933 | EV20: 39.777933 | EW20: 450.43045 | EX20: 517.09566 | EY20: 1.089576 | EZ20: 0.44634265 | FA20: 0.048470466 | FB20: 0.88607595 | FC20: 0 | FD20: 0 | FE20: fixed_kinematic_trajectory | FF20: example_datasets/processed/core4d/unitree_g1/humanoid_object/dcv3_omnirt_v1_ref_fk_box023_20231008_046_p1/0/trajectory_kinematic.npz | FG20: 79 | FH20: left_ankle_roll_link,right_ankle_roll_link,left_wrist_yaw_link,right_wrist_yaw_link | FI20: body_z_err_p95_m | FJ20: 0.2 | FK20: 0.12947116 | FL20: 0.10387651 | FM20: 0 | FN20: 1 | FO20: 0.35043812 | FP20: 0.27975449 | FQ20: 0.047468354 | FR20: 0 | FS20: 0.35043812 | FT20: 0.27682942 | FU20: 1 | FV20: 11.745402 | FW20: 268.18457 | FX20: 0.039256875 | FY20: 1 | FZ20: 14 | GA20: 1 | GB20: PENDING_EVALUATION | GC20: 0.86075795 | GD20: 0.86075949 | GE20: 0.86075949 | GF20: 0.86075949 | GG20: 0.063291139 | GH20: 0.063291139 | GI20: 0.13266826 | GJ20: 0.14842894 | GK20: 0.1452487 | GL20: 0.15203118 | GM20: 0.0049917488 | GN20: 0.0050115788 | GO20: 0.86075949 | GP20: 0.86075949 | GQ20: -0.014083271 | GR20: 1 | GS20: 1 | GT20: 0 | GU20: 0 | GV20: 1 | GW20: 1 | GX20: 1 | GY20: 1 | GZ20: 0 | HA20: 1 | HB20: 1 | HC20: 1 | HD20: 1 | HE20: 1 | HF20: 1 | HG20: 1 | HH20: 0 | HI20: 0 | HJ20: 0 | HK20: hand_penetration | HL20: core4d-e194-g1-expansion-12gate-v1 | HM20: 1 | HN20: G1_contaminated | HO20: E173 | HP20: E173 | HQ20: 0 | HR20: omnirt_v1 | HS20: ada-gpu0 | HT20: ada-gpu0 | HU20: 4a59470da0845b2ef52c64fa7a5aa1421acd87cb75ca2395f57c24f29490fa28 | HV20: 4a59470da0845b2ef52c64fa7a5aa1421acd87cb75ca2395f57c24f29490fa28 | HW20: cd50388468445be516c4c3238185aa88100d8c25690770de85fbeca526480de1 | HX20: bb7458209babbecef7fb1083068cf3c11921222426a0e31080e17861a548ee12 | HY20: core4d-e154-physics-contact-v1 | HZ20: workspace/core4d/results/E194/s6_downstream/cem/full_g1_expansion/E194_box023_20231008_046_p1_G1_expansion.npz | IA20: workspace/core4d/results/E194/s6_downstream/cem/full_g1_expansion/E194_box023_20231008_046_p1_G1_expansion_outdir/trajectory_mjwp_act.npz | IB20: workspace/core4d/results/E194/s6_downstream/cem/full_g1_expansion/E194_box023_20231008_046_p1_G1_expansion_outdir/config_act.yaml | IC20: example_datasets/processed/core4d/unitree_g1/humanoid_object/dcv3_omnirt_v1_ref_fk_box023_20231008_046_p1/0/trajectory_kinematic.npz | ID20: workspace/core4d/results/E173/s3_retarget/omnirt_v1/ref_fk/results/omnirt_v1_ref_fk/contact_masks/dcv3_omnirt_v1_ref_fk_box023_20231008_046_p1/raw_contact_mask_3cm.npz
